,VENDOR_IDENTIFIER,VENDOR_NUMBER,VENDOR_NAME,VENDOR_CITY,VENDOR_COUNTRY,VENDOR_ADDRESS
0,98858410,1004.0,BOW PLUMBING GROUP INC.,WESTMINSTER,US,5700 COTE DE LIESSE
1,98858416,101.0,MAPLE LEAF CONSUMER FOODS,TEXAS,US,100 MCLEOD AVE.
2,98858418,1011.0,CRUST CRAFT INC.,OHIO,US,O/A GOODNESS YES PIZZA
3,98858425,1018.0,RECKITT BENCKISER,LOS ANGELES,US,C/O CYBA STEVENS
4,98858428,1021.0,NESTLE WATERS CANADA,FLORIDA,US,C/O PERRY SIKSTROM
5,98858440,1032.0,SOUTHWIRE COMPANY,WASHINGTON,US,SUITE 100
6,98858441,1033.0,COBRA ANCHORS CO. LTD,WESTMINSTER,US,8051 METROPOLITAIN BLVD EAST
8,98858452,1044.0,MASCO CANADA LTS.,DETROIT,US,350 SOUTH EDGEWARE ROAD
9,98858463,1054.0,CH ROBINSON WORLDWIDE,HOUSTON,US,PO BOX 57729 STATION A
10,98858472,1062.0,REMEDY ANIMAL HEALTH PRODUCTS LTD.,MONTGOMERY,US,9526 HALDANE ROAD
11,98858473,1063.0,FIT FOODS INC,LOS ANGELES,US,1589 KEBET WAY
12,98858478,1068.0,WELLNX LIFE SCIENCES,WASHINGTON,US,C/O JIM SHOPLAND
13,98858480,107.0,WOWBUTTER FOODS,DETROIT,US,C/O DAVID SINGSANK
14,98858484,1073.0,CLOVER LEAF SEAFOODS CORP.,FLORIDA,US,DAN ROBBINS C/O ADVANTAGE
15,98858488,1077.0,SOUTHWIRE CANADA,HOUSTON,US,375 KENNEDY ROAD
16,98858492,1080.0,SPARK'S FARM EGG SUPPLIES,FLORIDA,US,R.R. #6
17,98858496,1084.0,SANOFI CONSUMER HEALTH INC,RICHARDSON,US,2905 PLACE LOUIS-R-RENAUD
18,98858511,1099.0,HOMTRONIX (HONGHWA),JERSEY CITY,US,#501 ELECTRA BUILDING
19,98858514,1101.0,FURLANI'S FOOD CORPORATION,WARREN,US,1700 AIMCO BLVD
20,98858518,1105.0,THOMAS FRESH,FLORIDA,US,5460 76TH AVENUE S.E.
21,98858522,1109.0,UNILEVER CANADA (FOODS),HOUSTON,US,160 BLOOR STREET EAST
22,98858523,1110.0,AGROPUR (SCOTSBURN) COOPERATIVE,GREEN BAY,US,332 WILLOW STREET
23,98858525,1112.0,UNILEVER CANADA (HOME/PERSONAL CARE,HOUSTON,US,DIV)
24,98858540,1126.0,SC JOHNSON & SON,CAMBRIDGE,US,CUSTOMER SERVICE
26,98858557,1142.0,TOYO IMPORTING CO LTD,CARROLLTON,US,3445 GARDNER COURT
29,98858591,1174.0,PRAIRIE FRESH FOOD CORPORATION,TEXAS,US,2335 SCHUYLER STREET
30,98858613,1195.0,MAPLEHURST BAKERIES,HOUSTON,US,PO BOX 3525
32,98858621,1202.0,LOUISVILLE LADDERS,HOUSTON,US,T10379C
33,98858626,1207.0,MANSFIELD MEDICAL DIST LTD,KNOXVILLE,US,C/O DEAN MCHARRY
34,98858628,1209.0,MARS CANADA INC,BRIDGEPORT,US,37 HOLLAND DR
35,98858636,1216.0,TREE ISLAND INDUSTRIES LTD,MIDLAND,US,3933 BOUNDARY ROAD
37,98858644,1223.0,QUALITY NATURAL FOODS CANADA INC.,DETROIT,US,420 NUGGET AVENUE
38,98858649,1228.0,PINNACLE FOODS CANADA CORP,WASHINGTON,US,2000 ARGENTIA ROAD
39,98858650,1229.0,CHO AMERICA,DETROIT,US,7544 CHEMIN DE LA COTE DE LIESSE
40,98858660,1238.0,KROWN PRODUCE,TEXAS,US,1171- 8 ST. EAST
41,98858665,1242.0,NESTLE CANADA INC,BAKERSFIELD,US,9050 AIRPORT ROAD
42,98858674,1250.0,DANSON DECOR,DETROIT,US,3425 DOUGLAS B. FLOREANI
43,98858679,1255.0,DAN D PAK,MIDLAND,US,11760 MACHRINA WAY
44,98858680,1256.0,MODERN HOUSEWARE IMPORTS INC,CARROLLTON,US,2300 MADISON AVENUE
45,98858684,126.0,EL MOLINO FOODS OF CANADA LTD,CHICAGO,US,1 ALBERTA ROAD
46,98858685,1260.0,PRAIRIE FRESH FOOD CORPORATION,LOS ANGELES,US,PO BOX 249
47,98858686,1261.0,TRIPLE THREE TRADING LTD,FLORIDA,US,908 34AVE SE
48,98858690,1265.0,BAFFIN INC. (CHAMBERLAIN PHIPPS),CHULA VISTA,US,346 ARVIN AVENUE
49,98858702,1276.0,PINNACLE FOODS CANADA CORP,VISTA,US,2000 ARGENTIA ROAD
50,98858708,1282.0,CAMPBELL COMPANY OF CANADA,FLORIDA,US,51 AUBURN SOUND CRES SE
51,98858709,1283.0,CAMPBELL COMPANY OF CANADA,FLORIDA,US,51 AUBURN SOUND CRES SE
52,98858712,1286.0,C.K.F. INC,LOS ANGELES,US,22 IRON STREET
53,98858719,1293.0,BOIRON LABS,CLEVELAND,US,1300 RENE DESCARTES
54,98858721,1295.0,MACGREGORS MEAT AND SEAFOOD LTD,HOUSTON,US,265 GARYRAY DRIVE
55,98858722,1296.0,CONAIR CONSUMER PRODUCTS,LINCOLN,US,SBMG  SUITE 250
57,98858737,131.0,VITA HEALTH PRODUCTS,MISSOURI,US,C/O CARA LEGGETT
58,98858743,1315.0,WHYTE'S FOOD CORPORATION INC,GRESHAM,US,20 RUE SICARDVENUE
59,98858745,1317.0,INOVATA FOODS CORP,OHIO,US,12803  149 TH STREET NW
60,98858747,1319.0,MOEN INC_(PARTS),MODESTO,US,2816 BRISTOL CIRCLE
61,98858755,1326.0,I-D FOODS SUPERIOR CORP.,FLORIDA,US,7151 44TH STREET S.E.
62,98858760,1330.0,DELON LABORATORIES LTD,DETROIT,US,69 BRUNSWICK BOULEVARD
63,98858769,1339.0,SHANDEX GROUP LTD_(HIGH RIDGE),LOS ANGELES,US,100 SQUIRES BEACH ROAD
64,98858777,1346.0,KEURIG CANADA INC,WESTMINSTER,US,3700 JEAN RIVARD
65,98858786,1354.0,SOMETHING SPECIAL DELI-FOODS LTD,OHIO,US,"224 KASKA ROAD,"
66,98858787,1355.0,GENPAK,WACO,US,3185 PEPPER MILL COURT
67,98858803,137.0,HOMTRONIX (CASTER-YANTIAN),INGLEWOOD,US,#711 THE ELECTRA BUILDING
68,98858805,1371.0,MAPLE LEAF GROCERY PRODUCTS,FLORIDA,US,DREW REGHENAS
69,98858815,1380.0,STAR PRODUCE,TEXAS,US,2941 PORTAGE AVE
70,98858816,1381.0,CHAPMAN'S ICE CREAM,SPRINGFIELD,US,BOX 379
71,98858822,1387.0,CANADIAN GOLD BEVERAGES,SPRINGFIELD,US,BOX 150 45137 HWY 210
73,98858826,1391.0,PEAK OF THE MARKET,MISSOURI,US,1200 KING EDWARD STREET
74,98858827,1392.0,MOUNTAIN TOP FOODS,YONKERS,US,2220 - 19TH AVENUE
75,98858828,1393.0,GEMINI PACKAGING LTD.,LOS ANGELES,US,UNIT 150-12071 JACOBSON WAY
77,98858834,1399.0,UNILEVER FOODSOLUTIONS,HOUSTON,US,E/O ACCT RECEIVABLE
78,98858835,14.0,BURNBRAE FARMS LTD,MISSOURI,US,500 PANDORA AVE W.
79,98858840,1403.0,HOMTRONIX (CTM-XIAMEN),INGLEWOOD,US,SUIT 217
80,98858842,1405.0,LIBRA NATIONAL INC.,CARROLLTON,US,C/O MARATHON MARKETING SERVICES INC
81,98858845,1408.0,ARCTIC GLACIER ICE,OHIO,US,17908 118 AVE
82,98858852,1415.0,DENBAR FOOD GROUP,CHICAGO,US,900 DIVISION UNIT 200
83,98858853,1416.0,HOMTRONIX (DANSON-YANTIAN),INGLEWOOD,US,#711 THE ELECTRA BUILDING
84,98858854,1417.0, IRVING PERSONAL CARE LTD,DALLAS,US,100 MIDLAND DR
85,98858861,1424.0,CALKINS & BURKE LTD,INGLEWOOD,US,SUITE 301
86,98858874,1436.0,NOVALI GOURMET INC.,BILLINGS,US,14 RUE DE MONGOLFIER
87,98858875,1437.0,CANARM LTD,CAMBRIDGE,US,2157 PARKEDALE AVENUE
88,98858882,1443.0,CHAPMAN'S ICE CREAM,SPRINGFIELD,US,BOX 379
89,98858884,1445.0,BIMBO BAKEHOUSE INC.,FLORIDA,US,710-7015 MACLEOD TRAIL S
90,98858899,1459.0,THE VERN'S PIZZA CO. LTD.,TEXAS,US,50- 710 CYNTHIA ST
91,98858904,1463.0,HOPKINS CANADA INC.,BIRMINGHAM,US,281 CHATHAM ST. S.
92,98858905,1464.0,IMPERIAL MANUFACTURING GROUP,LOS ANGELES,US,40 INDUSTRIAL PARK STREET
93,98858908,1467.0,ICE RIVER SPRINGS WATER CO.,DETROIT,US,485387 30 SIDEROAD
95,98858919,1477.0,AIR LIQUIDE CANADA INC,MISSOURI,US,58 WESTON ST
96,98858926,1483.0,CLIF BAR & CO.,CHICAGO,US,C/O MARSHAM INTERNATIONAL
97,98858928,1485.0,G & L DISTRIBUTORS LTD,DETROIT,US,262 ATHABASCAN AVENUE
99,98858937,1493.0,CONAGRA FOODS CANADA,VISALIA,US,5055 SATELLITE DRIVE
100,98858945,150.0,NEWMAN'S OWN INC.,HOUSTON,US,PO BOX 15800
101,98858946,1500.0,HARLAN BAKERIES-EDMONTON L.P.,MONTGOMERY,US,PO BOX 516
102,98858950,1504.0,HUER FOODS,NAPERVILLE,US,27478 55TH AVE
104,98858957,1511.0,INTERTAPE POLYMER INC.,WESTMINSTER,US,455 COTE VERTU
105,98858959,1513.0,ANDERSON WATTS,CARROLLTON,US,6336 DARNLEY ST
106,98858962,1516.0,BABY GOURMET FOODS,FLORIDA,US,#259 1011 9TH AVE SE
108,98858964,1518.0,DARE FOODS,NAPERVILLE,US,2481 KINGSWAY DRIVE
109,98858967,1521.0,LAST MOUNTAIN BERRY FARMS,DETROIT,US,BOX 12 RR#1
110,98858968,1522.0,DARE FOODS,NAPERVILLE,US,2481 KINGSWAY DRIVE
111,98858969,1523.0,CHAMBERLAIN MFG CANADA INC,WACO,US,400 COURTNEYPARK DRIVE EAST
112,98858979,1532.0,ANCHOR ACQUISITION LLC,HOUSTON,US,PO BOX 57704
113,98858985,1538.0,WESTON FOODS (CANADA) INC.,HOUSTON,US,1 HAFIS RD
114,98858988,1541.0,RICH PRODUCTS CORPORATION,HOUSTON,US,BOX 910770
115,98858989,1542.0,"THOMAS, LARGE & SINGER INC",SPRINGFIELD,US,15 ALLSTATE PARKWAY
116,98858996,1549.0,MAPLE LODGE FARMS LTD.,BAKERSFIELD,US,8301 WINSTON BLVD.
117,98858998,1551.0,WESTON FOODS (CANADA) INC.,HOUSTON,US,1 HAFIS RD
118,98859010,1562.0,REUVEN INTERNATIONAL LTD.,HOUSTON,US,1881 YONGE ST. SUITE 201
119,98859011,1563.0,RICHARDSON OILSEED LTD.,MISSOURI,US,2800 ONE LOMBARD PLACE
120,98859012,1564.0,IKO INDUSTRIES LTD.,FLORIDA,US,1600-42 AVENUE SE
121,98859022,1573.0,CRAVEN RIVERSIDE GARDENS INC,CHICAGO,US,P.O. BOX  180
123,98859030,1580.0,PRIVATE BRANDS CONSORTIUM (PBC) INC,MCKINNEY,US,3000 - BLVD RENE-LEVESQUE
124,98859032,1582.0,HUNG'S NOODLE HOUSE,FLORIDA,US,"BAY 25, 1410-40 TH AVENUE NE"
125,98859034,1584.0,DAVID OPPENHEIMER & ASSOC (CDN),CHICAGO,US,#101 - 11 BURBRIDGE STREET
126,98859048,1597.0,MARTELLI FOODS INC.,VISTA,US,6650 TOMKEN ROAD
127,98859052,1600.0,NESTLE CANADA INC,BAKERSFIELD,US,"9050 AIRPORT ROAD, SUITE 101"
128,98859053,1601.0,NESTLE CANADA INC,BAKERSFIELD,US,9050 AIRPORT ROAD
129,98859054,1602.0,BARILLA CANADA INC.,SPRINGFIELD,US,"140 ALLSTATE PKWY,"
130,98859056,1604.0,NESTLE CANADA INC,BAKERSFIELD,US,9050 AIRPORT ROAD SUITE 101
131,98859059,1607.0,PURESOURCE INC,TEXAS,US,C/O WALLY FUNK
132,98859067,1614.0,SAMUEL STRAPPING SYSTEMS,WASHINGTON,US,2370 DIXIE ROAD
134,98859078,1625.0,SELECT BRANDS,TACOMA,US,"5580 EXPLORER DRIVE, SUITE 300"
135,98859079,1626.0,JAN K. OVERWEEL,LINCOLN,US,3700 STEELES AVE SUITE 702
136,98859080,1627.0,ARDENT MILLS (ROBIN HOOD),FAIRFIELD,US,SUITE 400 190 ATTWELL DRIVE
137,98859085,1632.0,PHARMASCIENCE INC,WILMINGTON,US,6111 ROYALMOUNT AVENUE
138,98859088,1635.0,WOODSTREAM CANADA CORP,BIRMINGHAM,US,"25 BRAMTREE COURT, UNIT 1"
139,98859091,1638.0,GRABBER CONSTRUCTION PRODUCTS,NAPERVILLE,US,"#1, 5563-268 STREET"
140,98859104,165.0,GOODY CANADA,LOS ANGELES,US,C/O COOTER SALES LTD
141,98859107,1652.0,CONCORD PREMIUM FOODS STOCKED,CHICAGO,US,125 EDILCAN DRIVE
142,98859109,1654.0,CASA CUBANA/ SPIKE MARKS INC,WILMINGTON,US,C/O JOHN ROCCA
143,98859110,1655.0,CATELLI FOODS CORPORATION,WESTMINSTER,US,6890 NOTRE-DAME EAST
144,98859126,1670.0,HIGH LINER FOODS INC,WASHINGTON,US,"85 PROLOGI BLVD, UNIT 3"
145,98859131,1675.0,LINDT & SPRUNGLI(CANADA) INC,HOUSTON,US,900 181 UNIVERSITY AVE
147,98859156,1699.0,ROOTS ORGANIC INC,KNOXVILLE,US,3727 184 STREET
148,98859159,1700.0,HELA SPICE CANADA INC,GREEN BAY,US,119FRANKLIN STREET
149,98859163,1704.0,PRIMCO LTD.,FLORIDA,US,12300 44 ST. SE
150,98859169,171.0,SAPUTO,FLORIDA,US,5434 - 44TH STREET N.E.
151,98859171,1711.0,REFRESCO CANADA INC.,HOUSTON,US,POSTAL STATION A
152,98859172,1712.0,NESTLE CANADA INC,BAKERSFIELD,US,9050 AIRPORT RD SUITE 101
154,98859177,1717.0,ADVANTAGE SOLUTIONS INC.,SPRINGFIELD,US,160 MCNABB STREET
155,98859181,1721.0,PINTYS DELICIOUS FOODS INC,CARMEL,US,5063 NORTH SERVICE ROAD
156,98859186,1726.0,ABSORBENT PRODUCTS LTD.,MIAMI,US,INDUSTRIAL CLAY PRODUCTS LTD.
157,98859188,1728.0,GENESIS MARKETING GROUP,INGLEWOOD,US,349 WEST GEORGIA STREET
158,98859192,1732.0,NATCO FOODS LTD,INGLEWOOD,US,3103 - 667 HOWE STREET
159,98859198,1738.0,511 FOODSERVICE__VAN,MURFREESBORO,US,2860 PORTLAND DRIVE
161,98859208,1748.0,PREMIER TECH HOME & GARDEN,WASHINGTON,US,1900 MINNESOTA COURT
162,98859211,1751.0,BCI FOODS INC,TEXAS,US,C/O CONCORD NATIONAL
163,98859217,1757.0,THE ORIGINAL CAKERIE LTD,CLEVELAND,US,1345 CLIVEDEN AVE
164,98859222,1762.0,NESTLE CANADA INC,BIRMINGHAM,US,9050 AIRPORT RD SUITE 101
165,98859231,1771.0,SHOAL LAKE WILD RICE LTD,MISSOURI,US,BOX 30 GRP 525 RR#5
167,98859235,1775.0,KRAFT HEINZ CANADA ULC,DETROIT,US,95 MOATFIELD DRIVE
168,98859237,1777.0,KROWN PRODUCE,TEXAS,US,1171- 8 ST. EAST
169,98859238,1778.0,SYNGENTA CROP PROTECTION CANADA INC,JERSEY CITY,US,140 RESEARCH LANE
170,98859241,1780.0,KROWN PRODUCE,TEXAS,US,1171- 8 ST. EAST
171,98859242,1781.0,CAVENDISH FARMS,HOUSTON,US,1551  WESTON ROAD
172,98859246,1785.0,KELLOGG CANADA INC,HOUSTON,US,PO BOX 15594
173,98859247,1786.0,PRO-WESTERN PLASTICS,DETROIT,US,30 RIEL DRIVE
174,98859249,1788.0,B.C. TREE FRUIT LTD,MONTGOMERY,US,1473 WATER STREET
175,98859252,1790.0,LOVE CHILD (BRANDS) INC.,HOUSTON,US,176 ST. GEORGE STREET FLOOR 1
176,98859253,1791.0,CLOROX CO OF CANADA,BIRMINGHAM,US,150 BISCAYNE CRESCENT
177,98859254,1792.0,NANA'S KITCHEN & HOT SAUCE LTD,KNOXVILLE,US,UNIT 12-8125 130 STREET
178,98859259,1797.0,THOMAS FRESH - WARM,FLORIDA,US,5460 76TH AVENUE S.E.
179,98859264,1800.0,CHURCH & DWIGHT LTD,WACO,US,655 SECRETARIAT COURT
180,98859266,1802.0,CHURCH & DWIGHT LTD,WACO,US,655 SECRETARIAT COURT
181,98859270,1806.0,CAPITAL PACKERS_INC,OHIO,US,12907-57 STREET
182,98859286,1820.0,LEAHY ORCHARDS INC,HOLLYWOOD,US,1772 ROUTE 209
183,98859287,1821.0, MCCORMICK CANADA INC,ROCKFORD,US,P.O. BOX 5788
184,98859290,1824.0,APEX TOOL CANADA LP,HOUSTON,US,P.O BOX 9224 STATION A
185,98859291,1825.0,HOMTRONIX (LINHAI RUIKE),INGLEWOOD,US,#711 ELECTRA BUILDING
186,98859295,1829.0,IPEX INC,MODESTO,US,1425 NORTH SERVICE ROAD EAST
187,98859301,1834.0,"HAIN-CELESTIAL CANADA, ULC",HOUSTON,US,"180 ATTWELL DRIVE, SUITE 410"
188,98859304,1837.0,BONDUELLE NORTH AMERICA,CLEVELAND,US,540 CHEMIN DES PATRIOTES
189,98859308,1840.0,RIGHTEOUS GELATO LTD.,FLORIDA,US,"UNIT 110, 221 19TH STREET NE"
190,98859312,1844.0,COGHLANS,MISSOURI,US,121 IRENE ST
191,98859315,1847.0,SHERWIN WILLIAMS (COOP BRANDED),HOUSTON,US,CONSUMER BRANDS GROUP
192,98859321,1852.0,MACGREGORS MEAT AND SEAFOOD LTD,HOUSTON,US,265 GARYRAY DRIVE
194,98859326,1857.0,AUDIOVOX CANADA LTD,HOUSTON,US,C/O TH1078
195,98859327,1858.0,G & L DISTRIBUTORS LTD,DETROIT,US,262 ATHABASCAN AVENUE
196,98859339,1869.0,DR. OETKER CANADA,TYLER,US,C/O DON KREZANSKI (ACOSTA)
197,98859344,1873.0,LEDVANCE LTD,TYLER,US,"5450 EXPLORER DRIVE, SUITE 100"
198,98859359,1887.0,COMBE INCORPORATED,JERSEY CITY,US,PINNACLE PHARMACEUTICS LTD
200,98859362,189.0,MAPLEHURST BAKERIES,HOUSTON,US,PO BOX 3525
201,98859368,1895.0,GOLD STANDARD SPECIALTY OILS,TEXAS,US,PO BOX 32026 ERINDALE
202,98859370,1897.0,UNFI,LOS ANGELES,US,153 12757 VULCAN WAY
203,98859375,1901.0,EVERFRESH INC,OHIO,US,3508-56
204,98859383,1909.0,TERRA BREADS BAKERY,INGLEWOOD,US,35 WEST 5TH AVENUE
207,98859394,1919.0,GARDENA CANADA LTD,MISSOURI,US,C/O DYMON SALES
209,98859408,1931.0,V I P SOAP PRODUCTS LTD,THORNTON,US,32859 MISSION WAY
210,98859413,1936.0,FRUIT D'OR INC,PATERSON,US,604 B ST LOUIS O
211,98859414,1937.0,HORMEL CANADA,FLORIDA,US,BROOKFIELD COLD STORAGE
212,98859416,1939.0,LILYDALE-SOFINA FOODS INC.,OHIO,US,7727-127 AVE
214,98859421,1944.0,CENTENNIAL FOODSERVICE,FLORIDA,US,CALGARY BRANCH
216,98859425,1948.0,"HAPPY PLANET FOODS, INC.",CARROLLTON,US,#601 - 4180 LOUGHEED HIGHWAY
218,98859430,1952.0,OLYMEL FOODSERIVCE,BILLINGS,US,1580 EIFFEL STREET
219,98859447,1968.0,C G C INC,WASHINGTON,US,350 BURNHAMTHORPE RD WEST 5TH FLOOR
220,98859450,1971.0,WHITEWAVE CANADA ULC,HOUSTON,US,"PO BOX 99221, STN A"
221,98859459,198.0,C.B. FREEZERS_(CANADA FIRST BRANDS),GREEN BAY,US,80 CARRYING PLACE
222,98859464,1984.0,"PENDOPHARM,DIV OF PHARMASCIENCE INC",WILMINGTON,US,"6111 ROYALMOUNT AVENUE, SUITE 100"
223,98859466,1986.0,HOMTRONIX (TAIFA-QINGDAO),INGLEWOOD,US,SUIT 217
224,98859469,1989.0,MONSANTO SEED CANADA,MISSOURI,US,900 - ONE RESEARCH ROAD
225,98859477,1996.0,THOMAS FRESH INC.,TEXAS,US,213 MELVILLE STREET
226,98859478,1997.0,VOORTMAN COOKIES LTD,CARMEL,US,4455 NORTH SERVICE ROAD
227,98859482,200.0,MAPLE LEAF PORK FZN STOCKED,WASHINGTON,US,6985 FINACIAL DRIVE
228,98859486,2003.0,FONTAINE SANTE FOODS INC.,CEDAR RAPIDS,US,450 DESLAURIERS
229,98859492,2009.0,CANTERBURY COFFEE CORP,CARROLLTON,US,1 - 8080 NORTH FRASER WAY
230,98859495,2011.0,STAR PRODUCE_LIMES_HONEYDEW,TEXAS,US,2941 PORTAGE AVE
231,98859501,2017.0,WN PHARMACEUTICALS LTD,CHICAGO,US,C/O ROBB MAWHINNEY
232,98859507,2022.0,CHOICE CANNING COMPANY INC,JERSEY CITY,US,"3100STEELES AVE, WEST"
233,98859510,2025.0,GAUDET SWEET GOODS INC.,ALLENTOWN,US,1048 MACDONALD
235,98859519,2033.0,SARA LEE FOODSERVICE LTD,WASHINGTON,US,5900 AMBLER DRIVE
236,98859521,2035.0,MOLINARO'S FINE ITALIAN FOODS LTD.,WASHINGTON,US,"2345 STANFIELD ROAD, UNIT 50"
237,98859529,2042.0,DUNNRITE FOOD PRODUCTS,MISSOURI,US,199 HAMELIN STREET
238,98859535,2048.0,HOMTRONIX (ABC TOOLS-QINGDAO),INGLEWOOD,US,SUITE 217
239,98859548,206.0,LANTIC INC,INGLEWOOD,US,C/O CHRIS HUNT
240,98859558,2069.0,PASTRYWORLD ENTERPRISES LTD,YORKTON,US,BOX 825
242,98859566,2076.0,DONUT TIME/CONCORD BAKERY,CHICAGO,US,35 ADESSO DRIVE
244,98859576,2085.0,ENGAGE ANIMAL HEALTH CORPORATION,JERSEY CITY,US,200 49 CUTTEN PLACE
245,98859577,2086.0,NATURE'S PATH FOODS INC,MIDLAND,US,9100 VAN HORNE WAY
246,98859579,2088.0,ZINETTI FOOD PRODUCTS LTD.,KNOXVILLE,US,#17760 66TH AVENUE
247,98859583,2091.0,PREMIER BRANDS CANADA LTD,DETROIT,US,77 NATUCKET BLVD
248,98859587,2095.0,GIZELLA PASTRY LIMITED,INGLEWOOD,US,C/O ROCKY MOUNTAIN GOURMET
249,98859588,2096.0,INTERNATIONAL HERB,KNOXVILLE,US,4151 184 ST
250,98859592,21.0,VETOQUINOL CANADA INC. (504436),RICHARDSON,US,"2000, CHEMIN GEORGES"
251,98859593,210.0,CANEX FOODS LTD,LOS ANGELES,US,250 4320 VIKING WAY
252,98859595,2101.0,SPECTRUM BRANDS CANADA INC.,HOUSTON,US,C/O LOCKBOX 910380
253,98859608,2113.0,SAPUTO DAIRY PRODUCTS CANADA G.P.,HOLLYWOOD,US,279 GUELPH ST. GEORGETOWN
254,98859612,2117.0,REHA ENTERPRISES,WASHINGTON,US,"6355 SHAWSON DRIVE, UNIT 4"
255,98859613,2118.0,ELDORADO VEGTABLE FARM,LOS ANGELES,US,BOX 1330
256,98859617,2121.0,CALKINS & BURKE LTD,INGLEWOOD,US,SUITE 301
257,98859618,2122.0,DUSTSTOP AIR FILTERS,LOS ANGELES,US,330 CENTRE STREET
258,98859620,2124.0,TOP GRASS CATTLE COMPANY,FLORIDA,US,244053_ PANORAMA RIDGE SW
259,98859631,2134.0,FEMPRO/FIRST QUALITY CONS PROD ULC,BILLINGS,US,C/O YVES PAQUETTE
260,98859632,2135.0,COMMERCIAL BAKERIES CORP,HOUSTON,US,45 TORBARRIE ROAD
261,98859634,2137.0,SONRAY SALES LTD,OKLAHOMA CITY,US,P.O. BOX 86368
262,98859638,2140.0,MRS. PALMER'S PANTRY INC.,CHICAGO,US,236 SLATER ROAD
263,98859645,2147.0,CRAVEN RIVERSIDE GARDENS INC,CHICAGO,US,P.O. BOX  180
264,98859646,2148.0,CHAPMAN'S ICE CREAM,SPRINGFIELD,US,100 CHAPMAN'S CRESCENT
265,98859660,2160.0,HOMTRONIX (HEBEI MM 3 AND5-XINGANG),INGLEWOOD,US,#711 ELECTRA BUILDING
266,98859662,2162.0,HOMTRONIX (HUALEI 4-NINGBO),INGLEWOOD,US,#711 ELECTRA BUILDING
267,98859670,217.0,WHITE VEAL PACKERS,JERSEY CITY,US,"37 FENMAR DRIVE,"
268,98859683,2181.0,CROWN PACKAGING LTD,MIDLAND,US,P.O. BOX 94188
269,98859690,2188.0,SUNRISE FARMS___- EAST,KNOXVILLE,US,13542-73A AVE
270,98859691,2189.0,SUPER PUFFT SNACKS,WASHINGTON,US,880 GANA COURT
271,98859693,2190.0,MONDELEZ (KRAFT),HOUSTON,US,3300 BLOOR ST. WEST
273,98859711,2207.0,HOMTRONIX (WELL EXTENSION CORDS),INGLEWOOD,US,#711 ELECTRA BUILDING
274,98859720,2215.0,KROWN PRODUCE,TEXAS,US,1171- 8 ST. EAST
275,98859725,222.0,ALTWIN DISTRIBUTORS,ST. PETERSBURG,US,50 S.W. DRIVE S.W.
276,98859726,2220.0,DART CANADA INC,HOUSTON,US,C/O RUPERT REED
277,98859731,2225.0,P&H MILLING GROUP,TEXAS,US,P.O. BOX 160
279,98859741,2234.0,WATKINS INCORPORATED,LOS ANGELES,US,"UNIT 5, 5330 CANOTEK RD"
280,98859742,2235.0,TOSUTA INTERNATIONAL,OHIO,US,C/O REYNOLD MATCYK
281,98859751,2243.0,BABA JENNY'S UKRAINIAN FOODS LTD.,JERSEY CITY,US,5028 50 AVE
282,98859754,2246.0,RB HEALTH (CANADA) INC.,WASHINGTON,US,"1680 TECH AVENUE, UNIT 2"
283,98859763,2254.0,ULTIMA FOODS INC,EVANSVILLE,US,4600 ARMAND-FRAPPIER STREET
284,98859776,2266.0,QUALITY CRAFT INDUSTRIES,KNOXVILLE,US,#301- 17750 65A AVE
285,98859777,2267.0,KEURIG CANADA INC.,WESTMINSTER,US,3700 JEAN RIVARD
286,98859778,2268.0,SKY BLUE WATER INC,MISSOURI,US,C/O GEORGE GROUMOUTIS
287,98859788,2277.0,NSC MINERALS LTD,TEXAS,US,2241 SPEERS AVE
288,98859789,2278.0,EDOKO FOOD IMPORTERS,LOS ANGELES,US,1335 KEBET WAY
289,98859795,2283.0,RAIMAC FOOD STORE EQUIPMENT,NAPERVILLE,US,9744-197B STREET
290,98859797,2285.0,EMERSON FOODS,ST. PETERSBURG,US,420 MAIN STREET EAST
292,98859814,230.0,MULTIACTION WEST,CHICAGO,US,106-155 GLACIER STREET
293,98859820,2305.0,ENTERPRISE PAPER,FLORIDA,US,1727 120 AVE NE
295,98859833,2317.0,MONDELEZ CANADA INC,WASHINGTON,US,2660 MATHESON BLVD EAST
297,98859839,2322.0,SEQUEL NATURALS,TEXAS,US,C/O
298,98859842,2325.0,CANARM AGSYSTEMS,CAMBRIDGE,US,2157 PARKEDALE AVENUE WEST
299,98859844,2327.0,ARTHUR ROGER & ASSOC. INC.,RICHARDSON,US,2010 BLVD. DAGENAIS WEST
302,98859862,2343.0,GREAT CANADIAN SOX CO. INC.,HOUSTON,US,25 WATERMAN AVE.
303,98859864,2345.0,REYNOLDS CONSUMER PROD CANADA INC.,HOUSTON,US,191 EVANS AVENUE
304,98859871,2351.0,ECOBAIN GARDENS,TEXAS,US,434 AVENUE E SOUTH
305,98859873,2353.0,CHEMTEC CHEMICALS LTD,LOS ANGELES,US,P.O.BOX 1576.
306,98859880,236.0,ALLIANCE MERCANTILE INC.,CARROLLTON,US,3451 WAYBURNE DRIVE
307,98859889,2368.0,NONNA PIA'S,JERSEY CITY,US,9132 EMERALD DRIVE
309,98859892,2370.0,GREAT WEST ITALIAN IMPORTERS,FLORIDA,US,5130 SKYLINE WAY N.E.
310,98859893,2371.0,VENTURA FOODS,HOUSTON,US,P.O BOX 15457 STATION A
311,98859901,2379.0,DYNALINE INDUSTRIES INC,OHIO,US,18070 109 AVENUE
312,98859908,2385.0,SCHNEIDER ELECTRIC,VISTA,US,5985 MCLAUGHLIN ROAD
313,98859919,2395.0,DORCY CANADA,MONTGOMERY,US,867 LONGRIDGE DRIVE
314,98859921,2397.0,ALASKO FROZEN FOODS,WESTMINSTER,US,C/O ANNE GUTSCH
315,98859922,2398.0,EDMONTON MEAT PACKING,OHIO,US,8320 YELLOWHEAD TR.
316,98859928,2403.0,FINDLATER FINE FOODS LTD.,TEXAS,US,150 HIGHLAND CRESCENT
318,98859948,2421.0,LACTALIS CANADA INC.#13137,HOUSTON,US,C/O T10033
319,98859960,2432.0,SAPUTO FOODS LIMITED,TEXAS,US,C/O ROB KNITTIG
320,98859963,2435.0,MAPLEHURST BAKERIES,HOUSTON,US,PO BOX 3525
321,98859966,2438.0,HAIN CELESTIAL CANADA,HOUSTON,US,"180 ATTWELL DRIVE, STE 410"
322,98859973,2444.0,REGAL IDEAS (REGAL ALUMINUM PROD.),CLEVELAND,US,7350 WILSON AVE
323,98859976,2447.0,AUNT KATHY'S HOMESTYLE PRODUCTS INC,JERSEY CITY,US,BOX 279
324,98859979,245.0,GENERAL MILLS,VISTA,US,5825 EXPLORER DRIVE
325,98859981,2451.0,COMPASS MINERALS,WASHINGTON,US,SUITE 202-6700 CENTURY AVE.
327,98859993,2462.0,THE CUCUMBER MAN,LOS ANGELES,US,8 6TH STREET SW
328,98859994,2463.0,DOLE PACKAGED FOODS,TEXAS,US,C/O CONCORD NATIONAL
329,98859995,2464.0,BROXBURN VEGETABLES LTD.,RICHARDSON,US,5 - 90008 RGE RD 2106
331,98860004,2472.0,JOHNSON FRESH FARMS,BALTIMORE,US,1205 HERITAGE ROAD
332,98860011,2479.0,REINHART FOODS,HOUSTON,US,235 YORKLAND BLVD
333,98860012,248.0,SAPUTO DAIRY PRODUCTS CANADA GP,TEXAS,US,C/O ROB KNITTIG
334,98860013,2480.0,CAPITAL PACKERS_INC,OHIO,US,12907-57 STREET
335,98860026,2492.0,CONAGRA FOODS_CANADA,WASHINGTON,US,5055 SATELLITE DRIVE
336,98860037,2501.0,TREE OF LIFE,KNOXVILLE,US,19488 TELEGRAPH TRAIL
337,98860052,2515.0,FOOTHILLS CREAMERY LTD.,FLORIDA,US,2825 BONNYBROOK ROAD S.E.
339,98860057,252.0,AGI GRAIN GUARD,PALM BAY,US,BOX 94
340,98860062,2524.0,PROCTER & GAMBLE INC,MISSOURI,US,BOX 2241
341,98860072,2533.0,DATA COMMUNICATIONS MANAGEMENT,TEXAS,US,243 ROBIN CRESCENT
342,98860079,254.0,PEAK OF THE MARKET,MISSOURI,US,1200 KING EDWARD STREET
344,98860103,2561.0,EXCELDOR FOODS LTD,MCKINNEY,US,PO BOX 220
345,98860104,2562.0,SCHRIEMER FAMILY FARM_#,LOS ANGELES,US,PO BOX 32
346,98860106,2564.0,IPEX INC,DETROIT,US,807 PHARMACY AVE
347,98860113,2570.0,AGROPUR CO-OPERATIVE FINE CHEESE DV,EVANSVILLE,US,4700 RUE ARMAND-FRAPPIER
348,98860119,2576.0,HI-BROW LTD.,CHICAGO,US,RR #1
349,98860124,2580.0,WHOLESOME HARVEST BAKING LTD.,MISSOURI,US,PO BOX 61027
350,98860125,2581.0,ITW CONSTRUCTION PRODUCTS,SPRINGFIELD,US,120 TRAVAIL ROAD
351,98860127,2583.0,PRIMO FOODS INC.,TEXAS,US,C/O ADVANTAGE CKN
352,98860137,2592.0,L'OREAL CANADA INC,CEDAR RAPIDS,US,3500 DOUGLAS B FLOREANI
353,98860141,2596.0,NATURE'S PATH FOODS INC,LOS ANGELES,US,9100 VAN HORNE WAY
355,98860146,260.0,BEE MAID HONEY LTD,MISSOURI,US,C/O JERI HUDSON
357,98860150,2603.0,QUINCO AND CO INC.,SPRINGFIELD,US,2035 RENE PATENAUDE STREET
358,98860155,2608.0,CAVALIER EQUESTRIAN INC.,BOULDER,US,P.O. BOX 10
360,98860173,2624.0,ALTIUS SPICES AND SEASONINGS INC.,BAKERSFIELD,US,19000 TRANS CANADA HIGHWAY
361,98860174,2625.0,NOTHING BUT NATURE INC.,GRESHAM,US,PO BOX 2190
362,98860175,2626.0,MOUNTAIN TOP FOODS,YONKERS,US,2220 - 19TH AVENUE
364,98860185,2635.0,FIERA FOODS COMPANY,HOUSTON,US,50 MARMORA ST
366,98860188,2638.0,STANLEY BLACK & DECKER,WARREN,US,6275 MILLCREEK DRIVE
367,98860197,2646.0,DUNDAS JAFINE IND LTD,BIRMINGHAM,US,80 WEST DRIVE
370,98860204,2652.0,ELITE SWEETS,BIRMINGHAM,US,9 EDVAC DRIVE
371,98860209,2657.0,GRACIOUS LIVING,LINCOLN,US,7200 MARTIN GROVE ROAD
372,98860215,2662.0,FREUD WESTMORE TOOLS,WASHINGTON,US,7450 PACIFIC CIRCLE
373,98860220,2667.0,NOSSACK FINE MEATS,LOS ANGELES,US,#100 7240 JOHNSTONE DRIVE
374,98860221,2668.0,HOMTRONIX (SHIXIA SEESA-NINGBO),INGLEWOOD,US,SUIT 217
375,98860232,2678.0,ELDORADO VEGTABLE FARM,LOS ANGELES,US,BOX 1330
376,98860236,2681.0,SHANDEX GROUP LTD,CAMBRIDGE,US,C/O W.A. MAGUIRE SALES LTD.
377,98860237,2682.0,LASSONDE INC.,GREENSBORO,US,"170, 5E AVENUE"
378,98860242,2687.0,FREUDENBERG HOUSEHOLD PRODUCTS INC,RICHARDSON,US,"666,BLVD. ST-MARTIN WEST"
380,98860247,2691.0,B.C. FRESH,COLUMBIA,US,7330 CHURCHILL STREET
383,98860267,2709.0,BEAR CREEK FOODS,CHICAGO,US,PO BOX 788
384,98860269,2710.0,CON AGRA FOODS CANADA,WASHINGTON,US,5055 SATELLITE DRIVE
385,98860271,2712.0,PALADIN LABS INC,WILMINGTON,US,"100 ALEXIS NIHON BLVD, SUITE 600"
386,98860273,2714.0,CH ROBINSON WORLDWIDE,HOUSTON,US,PO BOX 57729 STATION A
387,98860274,2715.0,THOMAS FRESH_COLD_FRUIT,FLORIDA,US,5460 76TH AVENUE S.E.
388,98860275,2716.0,G & L DISTRIBUTORS LTD,DETROIT,US,282 ATHABASCAN AVENUE
390,98860285,2725.0,WHOLESALE PRODUCE SUPPLY CO,MISSOURI,US,UNIT 7--1650 NOTRE DAME
391,98860286,2726.0,CONSOLIDATED FRUIT PACKERS,MONTGOMERY,US,1004-1708 DOLPHIN AVENUE
392,98860288,2728.0,STAR PRODUCE GRAPEFRUIT/LIMES,TEXAS,US,2941 PORTAGE AVE
393,98860289,2729.0,ATRIPACK INC.,GREEN BAY,US,814 LANOIE
395,98860296,2735.0,WORLD FAMOUS SALES OF CANADA INC,CHICAGO,US,333 CONFEDERATION PARKWAY
396,98860298,2737.0,KRAFT HEINZ CANADA ULC,HOUSTON,US,PO BOX 4529
398,98860302,2740.0,HOMTRONIX (ALLEN GROUP- XIANMEN),INGLEWOOD,US,SUIT 217
399,98860319,2756.0,CH ROBINSON WORLDWIDE_CORN,HOUSTON,US,PO BOX 57729 STATION A
401,98860324,2760.0,FUSION PRODUCTS LTD,CHARLOTTE,US,"5 CHERRY BLOSSOM RD, UNIT 7"
402,98860328,2764.0,GROTE,SPRINGFIELD,US,230 TRAVAIL ROAD
403,98860330,2766.0,TREE OF LIFE CANADA_(CROSSDOCK),OHIO,US,16627 116TH AVENUE
404,98860332,2768.0,DIRECT PLUS FOOD GROUP,KNOXVILLE,US,19540 - 94 AVE
405,98860340,2775.0,MARS CANADA INC,BOSTON,US,37 HOLLAND DR
408,98860347,2781.0,NORTH AMERICAN PRODUCE BUYERS LTD.,HOUSTON,US,"165 THE QUEENSWAY, STE 336"
409,98860350,2784.0,SANFORD CANADA,HOUSTON,US,P.O. BOX 3502 STATION 'A'
410,98860358,2791.0,PINNACLE FOODS CORPORATION,FLORIDA,US,C/O ACOSTA CANADA
411,98860362,2795.0,SIMPSON STRONG-TIE CANADA LTD,SPRINGFIELD,US,11476 KINGSTON STREET
412,98860364,2797.0,INTERNATIONAL HERB,KNOXVILLE,US,4151 184 ST
413,98860366,2799.0,CLOVER LEAF CHEESE,FLORIDA,US,1201 45TH AVE NE
415,98860377,2808.0,EL MOLINO FOODS,CHICAGO,US,1 ALBERTA ROAD
417,98860382,2812.0,JAY TRENDS SALES,FAIRFIELD,US,1901 TRANSCANADA
418,98860384,2814.0,ELCO FINE FOODS INC,SPRINGFIELD,US,233 ALDEN ROAD
420,98860387,2817.0,KRAFT HEINZ CANADA ULC,HOUSTON,US,95 MOATFIELD DRIVE
421,98860396,2825.0,FREYBE/GOURMET CHEF,NAPERVILLE,US,27101 56 AVE
422,98860399,2828.0,FINE CHOICE FOODS LTD.,LOS ANGELES,US,23111 FRASERWOOD WAY
423,98860404,2832.0, SUMMER FRESH SALADS,LINCOLN,US,181 SHARER ROAD
424,98860408,2836.0,AGI WESTEEL SASKATOON,TEXAS,US,PO BOX 1370
425,98860410,2838.0,ELMAN'S FOOD PRODUCTS LTD,WASHINGTON,US,647 JARVIS AVE.
426,98860417,2844.0,GROUP KRISDA-STEVIA OF CANADA INC.,SPRINGFIELD,US,121 MCPHERSON STREET
427,98860431,2857.0,YUCATAN FOODS,AKRON,US,VERSACOLD MATAQUI
428,98860433,2859.0,JAN K. OVERWEEL LTD,LINCOLN,US,3700 STEELES AVE SUITE 702
429,98860435,2860.0,KRAFT HEINZ CANADA ULC_VAUDREUIL,HOUSTON,US,PO BOX 4529
430,98860438,2863.0,ARLA FOODS,CHICAGO,US,675 RIVERMEDE ROAD
431,98860443,2868.0,HUBBELL CANADA LP,LOS ANGELES,US,870 BROCK ROAD SOUTH
432,98860448,2872.0,ALLIANCE MERCANTILE INC.,CARROLLTON,US,3451 WAYBURNE DRIVE
433,98860449,2873.0,BRADSHAW CANADA,LINCOLN,US,"200 ZENWAY BLVD, UNIT 3"
434,98860450,2874.0,EAST PENN CANADA,ALLEN,US,C/O JAMES BOUCHARD
435,98860452,2876.0,PILLERS FINE FOODS,JERSEY CITY,US,443 WISMER STREET
436,98860457,2880.0,BRADSHAW CANADA,LINCOLN,US,"200 ZENWAY BLVD, UNIT 3"
437,98860458,2881.0,TROUW NUTRITION CANADA INC.,DETROIT,US,600 JAMES STREET SOUTH
438,98860459,2882.0,BRADSHAW CANADA,MANCHESTER,US,"200 ZENWAY BLVD, UNIT 3"
439,98860463,2886.0,KUUS INC,HOUSTON,US,450 TAPSCOTT ROAD
440,98860467,289.0,SUNFRESH FARMS LTD,OHIO,US,10471 - 176 STREET
441,98860470,2892.0,W.T. LYNCH FOODS LTD,DETROIT,US,72 RAILSIDE RD
442,98860472,2894.0,DIRECT NUTRISCIENCES,STERLING HEIGHTS,US,2763 NORTH YORK RIVER ROAD
443,98860473,2895.0,SELECT BRANDS(MOLSON),TACOMA,US,C/O JEFF CHANG
444,98860479,290.0,EARTH'S OWN,CARROLLTON,US,601 - 4180 LOUGHEED HIGHWAY
447,98860495,2914.0,MCCORMICK CANADA INC,ROCKFORD,US,P.O. BOX 5788
448,98860496,2915.0,WOOLWICH DAIRY INC,LOS ANGELES,US,425 RICHARDSON ROAD
449,98860499,2918.0,U.S. COTTON CO,NAPERVILLE,US,C/O GAYLE OSBORNE
450,98860505,2923.0,LASSONDE,HIGH POINT,US,170 5TH AVE.
451,98860511,2929.0,WINDSET FARMS,CHICAGO,US,3660 41B STREET
452,98860517,2934.0,BRETT-YOUNG SEEDS LIMITED (SEED),WASHINGTON,US,BRETTYOUNG SEEDS
453,98860518,2935.0,CRC CANADA CO,HOUSTON,US,83 GALAXY BLVD UNIT #36
454,98860519,2936.0,DAVID OPPENHEIMER & ASSOC (CDN),CHICAGO,US,#101 - 11 BURBRIDGE STREET
455,98860527,2943.0,CANPRESSCO PRODUCTS INC.,TEXAS,US,514A-45TH ST EAST
456,98860542,2957.0,UKAL CANADA INC.,DETROIT,US,7525 PION STREET
457,98860548,2962.0,PAPER CHEF INC.,HOUSTON,US,81-B MAYBROOK DR
458,98860551,2965.0,THE GORILLA GLUE COMPANY,HOUSTON,US,PO BOX 15950
459,98860555,2969.0,JOHNVINCE FOODS,TEXAS,US,C/O WALLY FUNK
460,98860566,2979.0,CARGILL FOODS_(EXCEL),MCKINNEY,US,P.O. BOX 3850
461,98860570,2982.0,ENGLISH BAY BLENDING,ORLANDO,US,1066 CLIVEDEN AVE
463,98860574,2986.0,HILLMAN GROUP,HOUSTON,US,55 MILNE AVENUE
464,98860575,2987.0,DART CANADA INC,HOUSTON,US,C/O  RUPERT REED
465,98860581,2992.0,NUFARM AGRICULTURE INC,FLORIDA,US,"5101, 333-96 AVE NE"
466,98860595,3003.0,TREE OF LIFE CANADA,FLORIDA,US,6745-76 AVENUE SE
467,98860603,3010.0,MAPLE LEAF FRESH PORK BRANDON,HOUSTON,US,PO BOX 46206
468,98860606,3013.0,AKITA FOOD INC,AMARILLO,US,8787 4E CROISSANT
469,98860607,3014.0,OCEAN SPRAY INTERNATIONAL,VISTA,US,"55 CITY CENTRE DRIVE, SUITE 405"
470,98860615,3021.0,SHEPHERD HARDWARE PRODUCTS LTD,SPRINGFIELD,US,170 DUFFIELD DRIVE
471,98860618,3024.0,CANYON CREEK SOUP COMPANY LTD.,OHIO,US,8704-53RD AVENUE
472,98860622,3028.0,PPG ARCHITECTURAL COATINGS,BILLINGS,US,"1550, RUE AMPERE, BUREAU 500"
473,98860633,3038.0,GIA FOODS LTD.,LOS ANGELES,US,UNIT 110-1700 NO. 6 ROAD
474,98860636,3040.0,ROLLOVER PREMIUM PET FOOD LTD,MCKINNEY,US,BOX 5007
475,98860642,3046.0,HOMTRONIX (HUALEI 1-NINGBO),INGLEWOOD,US,#711 THE ELECTRA BUILDING
476,98860646,305.0,DR. OETKER CANADA LTD.,FLORIDA,US,C/O ACOSTA CANADA
477,98860653,3056.0,FEDERATED CO-OP LTD_ACCT 6928-06,LOS ANGELES,US,PETROLEUM DISTRIBUTION DEPT
478,98860660,3062.0,LB MAPLE TREAT CORP,INGLEWOOD,US,1717 WEST 5TH AVENUE
479,98860663,3065.0,FERRERO CANADA LTD,NAMPA,US,C/O DOROTHY LI
480,98860665,3067.0,BAKEMARK CANADA,FLORIDA,US,3202 9TH ST. S.E.
481,98860685,3085.0,STAR PRODUCE CANTALOUPE,TEXAS,US,2941 PORTAGE AVE
482,98860690,309.0,LA MARGNA INC,LOS ANGELES,US,412 AVE ST-SACREMENT
483,98860693,3092.0,SNOWCREST FOODS,ABILENE,US,1925 RIVERSIDE ROAD
484,98860694,3093.0,GOLD STANDARD SPECIALTY OILS,LOS ANGELES,US,1440 FLEURY STREET
485,98860710,3107.0,KITCHEN PARTNERS LIMITED,OHIO,US,2545 96 STREET
487,98860713,311.0,"HAIN-CELESTIAL CANADA, ULC",HOUSTON,US,"180 ATTWELL DRIVE, SUITE 410"
489,98860718,3114.0,EXPORT PACKERS_(SEAFOOD),BAKERSFIELD,US,107 WALKER DRIVE
490,98860721,3117.0,DAWN FOOD PRODUCTS (CANADA) LTD,BIRMINGHAM,US,275 STEELWELL ROAD
491,98860725,3120.0,CALKINS & BURKE LTD,INGLEWOOD,US,SUITE 301
492,98860737,3131.0,MAPLE LEAF CONSUMER FOODS INC,WARREN,US,6985 FINANCIAL DRIVE
494,98860749,3142.0,POLYETHICS INDUSTRIES,LOS ANGELES,US,625 HARVIE SETTLEMENT RD.PO 51
495,98860759,3151.0,FLEXAHOPPER PLASTICS LTD,RICHARDSON,US,2530 - 39TH STREET NORTH
497,98860772,3163.0,BRIDOR INC.,BILLINGS,US,1370 GRAHAM-BELL
498,98860774,3165.0,SUN-BRITE CANNING LTD,HOUSTON,US,56 HUXLEY ROAD
499,98860781,3171.0,FLEISCHMANN'S YEAST LTD,FLORIDA,US,2201 - 15TH ST. S.E.
500,98860785,3175.0,WHYTE'S FOOD INC.,RICHARDSON,US,1540 DES PATRIOTES RUE
501,98860792,3181.0,FOLEY'S CANDIES LTD PARTNERSHIP,LANCASTER,US,11520 HORSESHOE WAY
502,98860796,3185.0,EXPRESCO FOODS,DETROIT,US,8205 TRANSCANADA
503,98860801,319.0,JUPITER AGRO-BIOTECH INC.,CHARLESTON,US,P.O. BOX 12537
504,98860805,3193.0,I-NOV CONCEPT INC.,IRVING,US,1407 RUE NATIONALE
505,98860807,3195.0,UCI FRAM GROUP,WASHINGTON,US,UNIT 107 - 2430 MEADOWPINE BLVD
506,98860809,3197.0,E.D. SMITH & SONS LTD,LINCOLN,US,944 HIGHWAY #8
507,98860819,3205.0,MASDEL INC.,AMARILLO,US,C/O CHANENE CONSULTING INC
509,98860825,3210.0,DAVID OPPENHEIMER & ASSOC (CDN),CHICAGO,US,#101 - 11 BURBRIDGE STREET
510,98860845,3229.0,DAVID OPPENHEIMER & ASSOC (CDN),CHICAGO,US,#101 - 11 BURBRIDGE STREET
512,98860848,3231.0,LAND O' LAKES INC.,GREEN BAY,US,C/0 914130
513,98860849,3232.0,HARLAN BAKERIES,MONTGOMERY,US,PO BOX 516
514,98860850,3233.0,CURVE DISTRIBUTION SERVICES INC.,FLORIDA,US,"BAY 124, 10725 - 25 STREET NE"
515,98860862,3244.0,TREE OF LIFE CANADA,CHICAGO,US,91 GLACIER STREET
516,98860867,3249.0,CONGLOM,DETROIT,US,2600 MARIE CURIE
517,98860881,3261.0,TREE OF LIFE CANADA,FLORIDA,US,6745-76 AVENUE SE
518,98860885,3265.0,BELL SPORTS  INC,CARROLLTON,US,23 MCCANDLESS COURT
519,98860887,3267.0,NEXUS BIOAG,MISSOURI,US,99 LOWSON CRES.
520,98860893,3272.0,CELTRADE CANADA,WASHINGTON,US,7566 BATH ROAD
521,98860895,3274.0,KANE VETERINARY SUPPLIES LTD.,OHIO,US,11204 - 186 STREET N.W.
522,98860896,3275.0,ATLAS GRAHAM FURGALE (AGF),WASHINGTON,US,PO BOX 1978
523,98860905,3283.0,BOTHWELL CHEESE,ORLANDO,US,P.O. BOX 119
524,98860911,3289.0,AGROPUR,OHIO,US,13944 YELLOWHEAD TRAIL
525,98860913,3290.0,SKY BLUE WATER INC__3,MISSOURI,US,C/O GEORGE GROUMOUTIS
526,98860920,3297.0,ICE RIVER SPRINGS WATER CO.,DETROIT,US,485387 30 SIDEROAD
527,98860921,3298.0,ICE RIVER SPRINGS WATER CO.,DETROIT,US,485387 30 SIDEROAD
528,98860922,3299.0,SKY BLUE WATER INC,MISSOURI,US,C/O GEORGE GROUMOUTIS
529,98860926,3301.0,GANONG BROS LTD,DETROIT,US,1 CHOCOLATE DRIVE
530,98860929,3304.0,LA COCINA FOODS,DETROIT,US,BOX 121
531,98860931,3306.0,HOMTRONIX (INLITEN-YANTIAN),INGLEWOOD,US,#711 THE ELECTRA BUILDING
532,98860932,3307.0,RED HAT COOPERATIVE LTD,LOS ANGELES,US,809 BROADWAY AVE E
533,98860938,3312.0,CONSOLIDATED FRUIT PACKERS,MONTGOMERY,US,800-1631 DICKSON AVENUE
534,98860942,3316.0,POPPA CORN CORPORATION,WASHINGTON,US,"5135 CREEKBANK ROAD, UNIT C"
537,98860981,3351.0,BUNZL DISTRIBUTION,LOS ANGELES,US,7433 NESLON ROAD
538,98860982,3352.0,KROWN PRODUCE,TEXAS,US,1171- 8 ST. EAST
539,98860984,3354.0,HOMTRONIX (TRI STAR-NINGBO),INGLEWOOD,US,#711 THE ELECTRA BUILDING
542,98861010,3378.0,BALCAN PLASTICS ONTARIO,WASHINGTON,US,6665 TOIMKEN RD
543,98861018,3385.0,MCCAIN FOODS (CANADA),FRISCO,US,8800 MAIN STREET
544,98861034,34.0,CUSTOM LABELS INC,TEXAS,US,#3-2225 1ST AVENUE NORTH
545,98861035,340.0,MAPLEHURST BAKERIES,HOUSTON,US,PO BOX 3525
546,98861036,3400.0,ROBERTS CO.CANADA LTD,BAKERSFIELD,US,34 HANSEN ROAD SOUTH
547,98861037,3401.0,SPARK'S FARM EGG SUPPLIES,FLORIDA,US,R.R. #6
548,98861038,3402.0,THOMAS FRESH - COLD,FLORIDA,US,5460 76TH AVENUE S.E.
549,98861049,3412.0,UNFI,MIDLAND,US,153 12757 VULCAN WAY
550,98861050,3413.0,SAGER FOOD PRODUCTS INC.,DETROIT,US,6755 BOULEVARD HENRI BOURASSA OUEST
551,98861064,3426.0,THE NORFOLK FRUIT GROWERS ASSOC.,DETROIT,US,99 QUEENSWAY EAST
554,98861085,3445.0,CHIQUITA BRANDS INC,HUNTSVILLE,US,PO_BOX_9100
555,98861089,3449.0,BE PRESSURE SUPPLY,ABILENE,US,30585 PROGRESSIVE WAY
556,98861094,3453.0,YAT SUN FOOD PRODUCTS,OHIO,US,12531-126ST.
557,98861100,3459.0,DAVID OPPENHEIMER & ASSOC (US),CHICAGO,US,#101-11 BURBRIDGE STREET
558,98861104,3462.0,STAR PRODUCE,TEXAS,US,2941 PORTAGE AVE
559,98861105,3463.0,CLOVER LEAF SEAFOODS CORP.,FLORIDA,US,DAN ROBBINS
561,98861112,347.0,ANDERSON WATTS,CARROLLTON,US,6336 DARNLEY ST
562,98861113,3470.0,CERATEC INC.,LOS ANGELES,US,414 AVE SAINT-SACREMENT
563,98861120,3477.0,GENERAL MILLS CANADA CORP,FLORIDA,US,"#100, 6060 - 90 AVE. SE"
564,98861122,3479.0,GENERAL MILLS CANADA CORP,FLORIDA,US,"#100, 6060 - 90 AVE. SE"
565,98861124,3480.0,GENERAL MILLS CANADA CORP,FLORIDA,US,"#100, 6060 - 90 AVE. SE"
566,98861128,3484.0,PACIFIC FRESH FISH LTD,LOS ANGELES,US,679 HENDERSON DRIVE
567,98861130,3486.0,MAPLE LEAF CONSUMER FOODS INC_(PROC,VALLEJO,US,6985 FINANCIAL DRIVE
568,98861139,3494.0,HENKEL CANADA CORPORATION,HOUSTON,US,C/O 912360
569,98861150,3503.0,GARANT/IPCO,DETROIT,US,375 CHEMIN ST FRANCOIS OUEST
571,98861157,351.0,TRANSCHEM,CHARLOTTE,US,1225 FRANKLIN BLVD
572,98861158,3510.0,EURAMAX CANADA INC,BALTIMORE,US,26 LORENA ST
573,98861165,3517.0,INTEX DEVELOPMENT COMPANY LIMITED,JERSEY CITY,US,"9TH FLOOR, EVERBRIGHT CENTER"
574,98861166,3518.0,LACTALIS CANADA INC.,FLORIDA,US,1939 CENTRE AVE. S.E.
575,98861168,352.0,RECOCHEM,LOS ANGELES,US,1745 KINSWAY AVE
576,98861170,3521.0,LACTALIS CANADA (PARMALAT),FLORIDA,US,1939 CENTRE AVE. S.E.
577,98861172,3523.0,LILYDALE-SOFINA FOODS INC,OHIO,US,7727-127 AVE
578,98861173,3524.0,DIRECT PLUS (FCL GRIMMS EDI),FLORIDA,US,4830- 32 STREET S. E
579,98861178,3529.0,DARE FOODS LTD,CARROLLTON,US,C/O INFORM BROKERAGE
581,98861183,3533.0,BRITA CANADA CORPORATION,BIRMINGHAM,US,150 BISCAYNE CRESCENT
582,98861188,3538.0,SM ENTERPRISES.,MODESTO,US,2965 BRISTOL CIRCLE
583,98861198,3547.0,SCOULAR_CANADA,LINCOLN,US,BOX 1236  129 MANITOBA ROAD
584,98861200,3549.0,FREYBE SAUSAGE MFG LTD,OHIO,US,11635-145TH STREET
585,98861210,3558.0,UNFI CANADA INC-GROCERY WEST,LOS ANGELES,US,153 - 12757 VULCAN WAY
586,98861212,356.0,SBI,CONCORD,US,250 DE COPENHAGUE
587,98861224,3570.0,T.H.E. FOOD SOURCE,WASHINGTON,US,#3005 - ONE EVERGREEN PLACE
589,98861229,3575.0,SUNRISE FARMS  (PL PRODUCTS)_WEST,KNOXVILLE,US,13542 - 73 A AVE
590,98861243,3588.0,"THOMAS, LARGE & SINGER",SPRINGFIELD,US,15 ALLSTATE PARKWAY
591,98861245,359.0,BOSHART INDUSTRIES INC,STERLING HEIGHTS,US,25 WHALEY AVENUE
593,98861248,3592.0,S & G PRODUCTS,CHARLESTON,US,340 RUE MASSON
594,98861251,3595.0,WESTWARD PARTS SERVICES LTD,LOS ANGELES,US,6517 - 67TH STREET
595,98861258,3600.0,INTERVET CANADA CORP,MONTGOMERY,US,16750 ROUTE TRANSCANADIENNE
596,98861270,3611.0,GENERAL MILLS CANADA CORP,FLORIDA,US,P.O. BOX 2980
598,98861276,3617.0,ERICKSON MANUFACTURING LTD.,IRVINE,US,IMPORT
599,98861277,3618.0,COMPASS FOOD SALES CO. LTD.,AUSTIN,US,260 INDUSTRIAL PARKWAY N.
600,98861280,3620.0,CONCEPT SGA INC.,IRVING,US,3160 BOUL. DES ENTREPRISES
601,98861282,3622.0,GILDAN APPAREL (CANADA) LP,WESTMINSTER,US,3701 JARRY E
602,98861287,3627.0,LASER SALES INC.,ROCKFORD,US,1717 OXFORD ST. E.
605,98861306,3644.0,DEUER MFG INC,FLORIDA,US,C/O E.B.RISHWORTH AND ASSOC.
606,98861316,3653.0,LASSONDE INC.,GREENSBORO,US,170 SE AVENUE
608,98861328,3664.0,HEINEN FARM LTD.,KANSAS CITY,US,1-55217 RGE RD 244
609,98861339,3674.0,HOMTRONIX (SUOTS-NINGBO),INGLEWOOD,US,#711 ELECTRA BUILDING
610,98861341,3676.0,HARVEST MEATS CO LTD,YORKTON,US,501 YORK ROAD WEST
611,98861342,3677.0,ERICKSON MANUFACTURING LTD.,IRVINE,US,11297 MERRITT LINE
613,98861349,3683.0,GOLDEN BOY FOODS INC,CARROLLTON,US,7725 LOUGHEED HIGHWAY
615,98861353,3687.0,"THOMAS, LARGE & SINGER_(TIM HORTON)",SPRINGFIELD,US,15 ALLSTATE PARKWAY
616,98861359,3692.0,PRIORITY BRANDS,SPRINGFIELD,US,151 ESNA PARK DRIVE  UNIT #4
618,98861369,3700.0,MAPLEHURST BAKERIES,HOUSTON,US,PO BOX 3525
619,98861372,3703.0,PHARMETICS (2011) INC,NAPERVILLE,US,3695 AUTOROUTE DES LAURENTIDES
620,98861373,3704.0,SHERWIN WILLIAMS (MINWAX),HOUSTON,US,CONSUMER BRANDS GROUP
622,98861380,3710.0,SHERWIN WILLIAMS (KRYLON),HOUSTON,US,CONSUMER BRANDS GROUP
623,98861390,372.0,HOMTRONIX (DANSON-NINGBO),INGLEWOOD,US,#711 THE ELECTRA BUILDING
624,98861397,3726.0,NICHE BAKERS CORP,HOUSTON,US,6680 FINCH AVE WEST UNIT 7
625,98861399,3728.0,LANTIC INC (ROGERS SUGAR),INGLEWOOD,US,P.O. BOX 2150
627,98861404,3732.0,OLYMEL S.E.C./LP,BILLINGS,US,1580 RUE EIFFEL
628,98861406,3734.0,GREEN CHOCOLATE WORKS LTD.,CHICAGO,US,102-85 SCHOONER ST
630,98861408,3736.0,HOMTRONIX INDUSTRIES LTD,INGLEWOOD,US,#501 THE ELECTRA BUILDING
631,98861416,3743.0,FINICA FOOD SPECIALTIES LTD.,WASHINGTON,US,"65 SUPERIOR BLVD, UNIT 1"
634,98861438,3763.0,BWAY CORPORATION,NAPERVILLE,US,5850 272ND STREET
635,98861439,3764.0,ENJAY CONVERTERS LTD.,CHICAGO,US,495 BALL STREET
636,98861443,3768.0,LASSONDE INC.,GREENSBORO,US,"170, 5E AVENUE"
637,98861453,3777.0,HIGHLINE MUSHROOMS WEST INC.,NAPERVILLE,US,#103 4848 275 STREET
638,98861463,3786.0,SCOTTS CANADA LTD,WARREN,US,2000 ARGENTIA ROAD
639,98861467,379.0,SHAH TRADING COMPANY LTD,DETROIT,US,3451 MCNICOLL AVENUE
640,98861475,3797.0,GH INTERNATIONAL SEALANTS,VACAVILLE,US,2540 RENA ROAD
641,98861481,3802.0,CASCADES TISSUE GROUP,CHICAGO,US,77 MARIE-VICTORIN BLVD.
642,98861488,3809.0,JANES FAMILY FOODS-SOFINA FOODS INC,WARREN,US,3340 ORLANDO DRIVE
643,98861490,3810.0,UNFI CANADA INC-GROCERY WEST,LOS ANGELES,US,153 - 12757 VULCAN WAY
644,98861497,3817.0,PETRO PLASTIC CORPORATION,LINCOLN,US,140 VINYL COURT
645,98861500,382.0,BAZZINI HOLDINGS LLC,CHICAGO,US,C/O VITRAN TERMINAL
647,98861506,3825.0,ARGUS INDUSTRIES,WASHINGTON,US,20 MURRAY PARK ROAD
648,98861511,383.0,MCPHEE ENTERPRISES,MODESTO,US,2740 COVENTRY ROAD
649,98861513,3831.0,LEDA HEALTH INNOVATIONS INC,JOLIET,US,128-1136 CENTRE STREET
650,98861514,3832.0,W T HAWKINS INC.,BATON ROUGE,US,P.O. BOX 699
651,98861521,3839.0,REVLON CANADA INC,NAPERVILLE,US,C/O DAWN HEPPELL
652,98861532,3849.0,JOHN WATSON LTD.,CARROLLTON,US,7955 NORTH FRASER WAY
653,98861536,3852.0,HENKEL CANADA CORP,WACO,US,2515 MEADOWPINE BLVD
654,98861542,3858.0,SMUCKER FOODS OF CANADA CO.,SPRINGFIELD,US,INTERNATIONAL PACIFIC SALES
655,98861545,3860.0,USCAN INDUSTRIAL FASTENERS LTD.,DETROIT,US,87A BRUNSWICK
656,98861549,3864.0,PROSNACK NATURAL FOODS,INGLEWOOD,US,108-375 LYNN AVE. NORTH
658,98861552,3867.0,BEST BRANDS SALES & MANUFACTURING,JERSEY CITY,US,INC.
659,98861558,3872.0,BOCCALINO GROTTO FINE FOODS,FLORIDA,US,C/O MURRAY MARKET ACCESS
660,98861561,3875.0,FRESH DIRECT PRODUCE_COLD,INGLEWOOD,US,888 MALKIN AVE
661,98861570,3883.0,HARTZ CANADA,DETROIT,US,1125 TALBOT STREET
663,98861582,3894.0,GLOBAL CITRUS GROUP INC.,CARMEL,US,"3410 SOUTH SERVICE RD, SUITE G3"
664,98861588,39.0,TRIPLE THREE TRADING LTD,FLORIDA,US,908 - 34TH AVENUE S.E.
665,98861591,3901.0,DEOLEO CANADA LTD.,HOUSTON,US,C/O TH1093
666,98861604,3913.0,MOUNTAIN MEADOWS FOOD PROCESS. LTD.,KANSAS CITY,US,25211 S.H. 651
667,98861609,3918.0,SUNRISE FARMS  WEST,KNOXVILLE,US,13542 - 73 A AVE
668,98861612,3920.0,MTD PRODUCTS,NAPERVILLE,US,97 KENT AVE
669,98861614,3922.0,KRAFT HEINZ CANADA ULC,HOUSTON,US,95 MOATFIELD DRIVE
670,98861615,3923.0,KRAFT HEINZ CANADA ULC,HOUSTON,US,95 MOATFIELD DRIVE
671,98861618,3926.0,VAN DE WATER-RAYMOND 1960 LTD.,RICHARDSON,US,2300 MONTEREY
672,98861624,3931.0,L'OREAL CANADA INC,CEDAR RAPIDS,US,3500 DOUGLAS B FLOREANI
673,98861627,3934.0,CLOVER LEAF CHEESE LTD.,FLORIDA,US,1201 45TH AVE N.E.
675,98861631,3938.0,NEWELL RUBBERMAID_(EXCESSIVE AND OB,HOUSTON,US,SUITE 1167
676,98861634,3940.0,EASYHEAT,FAIRFIELD,US,C/O BEN DREW
677,98861635,3941.0,HERITAGE FROZEN FOODS LTD,FLORIDA,US,C/O ACOSTA CANADA
679,98861638,3944.0,DAHL VALVE LTD.,TACOMA,US,2600 SOUTH SHERIDAN WAY
680,98861642,3948.0,NORTHERN GRAPHICS LTD.,JOLIET,US,P O BOX 869
681,98861646,3951.0,ARTISAN BAKERY COMPANY,SPRINGFIELD,US,UNIT 4- 500 ALDEN RD
682,98861651,3956.0,STORCK CANADA,VISTA,US,2 ROBERT SPECK PKWY
683,98861660,3964.0,SUNCO FOODS INC,CARROLLTON,US,9208 NORTH FRASER CRESCENT
684,98861661,3965.0,AL-PACK ENTERPRISES LTD.,WESTMINSTER,US,60 COMMERCE STREET
685,98861665,3969.0,HOUSE OF HORVATH INC,HOUSTON,US,77 OSSINGTON AVE.
686,98861675,3978.0,DYNALINE INDUSTRIES INC,OHIO,US,18070 109 AVENUE
687,98861679,3981.0,PROCTER & GAMBLE INC,TEXAS,US,C/O KIM GAUDET
688,98861684,3986.0,GLENCAR FOOD AND BEVERAGE INC,JERSEY CITY,US,91 MAIN ST S
689,98861687,3989.0,DATTANI WHOLESALERS,FLORIDA,US,BAY D 3651-21 STREET NE
690,98861699,40.0,TOPRING,JERSEY CITY,US,1020 INDUSTRIAL BOULEVARD
691,98861709,4008.0,ENERGIZER CANADA,WASHINGTON,US,6733 MISSISSAUGA RD
692,98861722,402.0,ONWARD MANUFACTURING-BBQ_ACCESSORY,JERSEY CITY,US,585 KUMPF DRIVE
693,98861723,4020.0,VENTURA FOODS CANADA,HOUSTON,US,50 TOLAKE CRESCENT
694,98861736,4032.0,THAI UNITED FOOD TRADING LTD.,CARROLLTON,US,"7978 NORTH FRASER WAY, UNIT 2"
695,98861737,4033.0,SCANDINAVIAN TOBACCO GROUP CANADA,SANTA CLARA,US,600 - 1000 DE SERIGNY STREET
696,98861741,4037.0,MARQUIS MILLING AND GRAIN,HIGH POINT,US,BOX 310
697,98861745,4040.0,HONEYWELL / ADEMCO,WARREN,US,3333 UNITY DRIVE
699,98861750,4045.0,RIVERSIDE NATURAL FOODS LTD.,JERSEY CITY,US,2720_STEELES AVENUE WEST
700,98861752,4047.0,NESTLE CANADA INC,BIRMINGHAM,US,9050 AIRPORT ROAD
701,98861758,4052.0,AGROPUR CANADA,EVANSVILLE,US,4600 ARMAND-FRAPPIER STREET
703,98861762,4056.0,MAPLEHURST BAKERIES,HOUSTON,US,PO BOX 3525
704,98861769,4062.0,VENTURA FOODS CANADA,HOUSTON,US,50 TORLAKE CRESCENT
706,98861771,4064.0,CANUS IMPORT EXPORT,DETROIT,US,JEAN MARIOS
708,98861773,4066.0,GOLDEN ACRES HONEY PRODUCTS LTD,FLORIDA,US,C/O KINETIC SALES - SCOTT DEBOER
709,98861774,4067.0,PEAK OF THE MARKET,MISSOURI,US,1200 KING EDWARD STREET
711,98861780,4072.0,OSRAM LTD,SPRINGFIELD,US,"55 RENFREW DRIVE, SUITE 201"
712,98861781,4073.0,"THOMAS, LARGE & SINGER INC",SPRINGFIELD,US,15 ALLSTATE PARKWAY
713,98861793,4084.0,HFC PRESTIGE INTL CANADA,HOUSTON,US,200 KING STREET WEST 3RD FLOOR
714,98861801,4091.0,B.C. FRESH,CHICAGO,US,7330 CHURHILL_STREET
715,98861803,4093.0,DEFLECTO CANADA LTD.,DETROIT,US,221-BUNTING ROAD
717,98861815,4103.0,INFORM BROKERAGE,CARROLLTON,US,2286 HOLDOM AVENUE
718,98861817,4105.0,PREMIER MEAT PACKERS,JERSEY CITY,US,270 BOUL. JOSEPH CARRIER
719,98861819,4107.0,OSPREY ORGANICS,DETROIT,US,485387 30 SIDEROAD
720,98861824,4111.0,KINNIKINNICK FOODS INC.,OHIO,US,10940 120 STREET
721,98861825,4112.0,USP STRUCTURAL CONNECTORS (RSC),JOLIET,US,221 RACCO PARKWAY
722,98861831,4118.0,KIDDE CANADA,FLORIDA,US,C/O TRI-MOR SALES LTD.
723,98861841,4127.0,"BAUSCH HEALTH,CANADA INC.",HOUSTON,US,PO BOX 4228
724,98861842,4128.0,CONCORD PREMIUM MEATS,CHICAGO,US,125 EDILCAN DRIVE
725,98861843,4129.0,APPLE VALLEY FOODS INC.,MONTGOMERY,US,14 CALKIN DRIVE
726,98861845,4130.0,APPLE VALLEY FOODS INC.,MONTGOMERY,US,14 CALKIN DRIVE
727,98861847,4132.0,MAITRE SALADIER INC.,BROWNSVILLE,US,1755 LIONEL BERTRAND BLVD
728,98861855,414.0,F.P.D. INC,BALTIMORE,US,451 BEACONSFIELD BOULEVARD
729,98861857,4141.0,SNOWCREST FOODS LTD,ABILENE,US,1925 RIVERSIDE ROAD
730,98861858,4142.0,BONDUELLE CANADA INC,CLEVELAND,US,540 CHEMIN DES PATRIOTES
731,98861861,4145.0,WD-40 PRODUCTS CAN LTD,FAIRFIELD,US,P.O. BOX 220
732,98861865,4149.0,PURESOURCE INC FCL ORGAN GROC XDOCK,TEXAS,US,C/O WALLY FUNK
733,98861905,4185.0,"THOMAS, LARGE & SINGER",SPRINGFIELD,US,15 ALLSTATE PARKWAY
734,98861909,4189.0,ADAMA,WASHINGTON,US,300 - 191 LOMBARD AVENUE
735,98861910,419.0,SELECT READY FOODS INC,OHIO,US,"#200, 9411 63 AVE"
737,98861917,4196.0,STERLING PRESS AND PACKAGING,DETROIT,US,850 GREENWOOD AVE
738,98861919,4198.0,"ALL DAY NUTRITIONALS CANADA, INC.",LAKEWOOD,US,PO BOX 624
743,98861941,4217.0,OATEY CANADA INC,BAKERSFIELD,US,"145 WALKER DRIVE, UNIT #3"
745,98861956,4230.0,PRIVATE BRANDS CONSORTIUM (PBC) INC,MCKINNEY,US,3000 - BLVD RENE-LEVESQUE
746,98861964,4238.0,MULTI BROSSES INC.,CHARLESTON,US,300 RUE PRINCIPALE
747,98861973,4246.0,COVERED BRIDGE POTATO CHIP CO.,JERSEY CITY,US,35 ALWRIGHT CT.
748,98861982,4254.0,WILDLY DELICIOUS PRESERVE CO. LTD.,HOUSTON,US,114A RAILSIDE ROAD
749,98861984,4256.0,KRUGER PRODUCTS L.P.,ORLANDO,US,1625 - 5TH AVENUE
750,98861985,4257.0,GREENLAND FOOD LTD.,LOS ANGELES,US,1880 SAVAGE RD.
751,98861987,4259.0,HAPPY PLANET FOODS,CARROLLTON,US,601-4180 LOUGHEED HIGHWAY
753,98861989,4260.0,RED HAT COOPERATIVE LTD,LOS ANGELES,US,809 BROADWAY AVE E
754,98861991,4262.0,LITTLE POTATO COMPANY,OHIO,US,11749 180 STREET NW
755,98861992,4263.0,B.C. TREE FRUIT LTD,MONTGOMERY,US,1473 WATER STREET
756,98861994,4265.0,HEALTHY BODY SERVICES,HOUSTON,US,4576 YONGE STREET
757,98861995,4266.0,ROLF C. HAGEN INC.,BAKERSFIELD,US,20500 TRANS CANADA HWY
758,98861998,4269.0,BURNBRAE FARMS LTD,WASHINGTON,US,500 PANDORA AVE W.
759,98862005,4275.0,NORMERICA INC.,LOS ANGELES,US,1599 HURONTARIO STREET
761,98862013,4282.0,GOOD FOOD FOR GOOD INC,HOUSTON,US,196 THREE VALLEYS DRIVE
762,98862016,4285.0,IDEAL SECURITY INC,NAPERVILLE,US,B-7585 CORDNER
763,98862017,4286.0,THOMAS FRESH-WARM PRODUCT,FLORIDA,US,5460 76TH AVENUE S.E.
764,98862022,4290.0,LIVING FOODS,MIAMI,US,BOX 6121
765,98862038,4304.0,CAMPBELL COMPANY,DETROIT,US,41 HILLCREST PLACE
766,98862039,4305.0,STAR BRANDS CANADA,HOUSTON,US,C/O LOCKBOX 918170
767,98862043,4309.0,HOUWELING'S GROUP,CHICAGO,US,2776 64TH STREET
768,98862045,4310.0,SANOFI-AVENTIS CANADA INC.,RICHARDSON,US,2905_PLACE LOUI-R-RENAUD
769,98862049,4314.0,REGAL CONFECTIONS INC,FLORIDA,US,SUITE 110
773,98862060,4324.0,HANDI FOODS LTD.,HOUSTON,US,190 NOREICO DRIVE
774,98862067,4330.0,HAIN CELESTIAL CANADA ULC,HOUSTON,US,180 ATLWELL DRIVE
775,98862070,4333.0,LOVEDAY MUSHROOMS,MISSOURI,US,556 MISS33N STREET
776,98862081,4343.0,STAR PRODUCE,TEXAS,US,2941 PORTAGE AVE
778,98862091,4352.0,OLYMEL,BILLINGS,US,1580 RUE EIFFEL
779,98862095,4356.0,COMPASS MINERALS,WASHINGTON,US,SUITE 202-6700 CENTURY AVE.
780,98862099,436.0,511 FOODSERVICE_OAKVILLE,MURFREESBORO,US,2860 PORTLAND DRIVE
781,98862100,4360.0,JELD-WEN WINDOWS & DOORS,WASHINGTON,US,550 MUNROE AVE
782,98862103,4363.0,EDMONTON POTATO GROWERS LTD,OHIO,US,12220 170 STREET
783,98862104,4364.0,BUNZL CLEANING & HYGIENE,FLORIDA,US,2270 PORTLAND ST. S E
784,98862106,4366.0,DAVID OPPENHEIMER & ASSOC (US),CHICAGO,US,#101-11 BURBRIDGE STREET
786,98862119,4378.0,KISKO PRODUCTS,LINCOLN,US,50 ROYAL GROUP CRESCENT
787,98862123,4381.0,DERLEA BRAND FOODS,LOS ANGELES,US,1739 ORANGEBROOK COURT
788,98862124,4382.0,YAT SUN FOOD PRODUCTS,OHIO,US,12531-126ST.
789,98862126,4384.0,NATIONAL IMPORTERS LTD,MIDLAND,US,UNIT #120 - 13100 MITCHELL ROAD
791,98862128,4386.0,STAR PRODUCE_APPLES_& PEARS,TEXAS,US,2941 PORTAGE AVE
793,98862139,4396.0,GRAIN MILLERS CANADA CORP.,YORKTON,US,#1 GRAIN MILLERS DRIVE
794,98862144,4400.0,L'OREAL CANADA - CERAVE,WESTMINSTER,US,1500 BOUL. ROBERT-BOURASSA
795,98862145,4401.0,GREAT WESTERN BREWING CO LTD,TEXAS,US,519 - 2ND AVENUE NORTH
796,98862150,4406.0,WELL JUICERY CANADA LTD.,DETROIT,US,120 SINNOTT ROAD
797,98862151,4407.0,HORTON SPICE MILLS LTD (CANADA),SPRINGFIELD,US,256 STEELCASE ROAD W
798,98862153,4409.0,THE CUCUMBER MAN_- CAL/EDM,LOS ANGELES,US,8 6TH STREET SW
800,98862156,4411.0,CAR-FRESHNER CORPORATION,FLORIDA,US,C/O ZURAWEL PATTON SAMPLE
801,98862164,4419.0,PRAIRIE FRESH FOOD CORPORATION,LOS ANGELES,US,PO BOX 249
802,98862166,4420.0,PRAIRIE FRESH FOOD CORPORATION,TEXAS,US,2335 SCHUYLER STREET
803,98862169,4423.0,PRAIRIE FRESH FOOD CORPORATION,LOS ANGELES,US,PO BOX 249
804,98862170,4424.0,ABBOTT/ROSS LABS,CEDAR RAPIDS,US,8625 TRANS-CANADA HWY
805,98862171,4425.0,DOVRE IMPORT & EXPORT LTD.,LOS ANGELES,US,13931 BRIDGEPORT RD.
806,98862177,4430.0,THOMAS FRESH INC.,TEXAS,US,213 MELVILLE STREET
807,98862184,4437.0,FUN TYME FOODS LTD.,WASHINGTON,US,#102-455 DEBAETS ST.
808,98862188,4440.0,PEAK OF THE MARKET,MISSOURI,US,1200 KING EDWARD STREET
809,98862189,4441.0,PRAIRIE FRESH FOOD CORPORATION,LOS ANGELES,US,PO BOX 249
810,98862190,4442.0,INTERPROVINCIAL CO-OP LTD,DETROIT,US,945 MARION STREET
811,98862196,4448.0,FRESH HEMP FOODS LTD.,MISSOURI,US,69 EAGLE DRIVE
812,98862199,4450.0,AGT FOODS RETAIL DIVISION,RICHARDSON,US,2185 FRANCIS-HUGHES
813,98862200,4451.0,LEKIU DISTRIBUTORS LTD.,INGLEWOOD,US,C/O K.K.J. SALES
814,98862207,4459.0,MAITRE SALADIER INC._(SC RIBS),BROWNSVILLE,US,1755 LIONEL BERTRAND BLVD
815,98862213,4464.0,CALKINS & BURKE LTD,INGLEWOOD,US,SUITE 301
816,98862218,4469.0,PELMEN FOODS,HOUSTON,US,E-777 THE QUEENSWAY
820,98862222,4472.0,WELL JUICERY CANADA LTD.,DETROIT,US,120 SINNOTT ROAD
821,98862224,4474.0,ROYAL FOODS LTD.,OHIO,US,12525 89 STREET
823,98862227,4477.0,SUNRISE SOYA FOODS,INGLEWOOD,US,729 POWELL STREET
824,98862228,4478.0,"THOMAS, LARGE & SINGER INC",SPRINGFIELD,US,15 ALLSTATE PARKWAY
826,98862232,4481.0,"THOMAS, LARGE & SINGER INC",SPRINGFIELD,US,15 ALLSTATE PARKWAY
827,98862236,4485.0,"THOMAS, LARGE & SINGER INC",SPRINGFIELD,US,15 ALLSTATE PARKWAY
830,98862258,4504.0,ASSOCIATED TRUCKERS SUPPLY(CANADA),CHICAGO,US,108-44195 YALE ROAD WEST
831,98862260,4506.0,VAN MELLE CANADA LTD,SPRINGFIELD,US,C/O THOMAS LARGE & SINGER
832,98862268,4513.0,PHARMASYSTEMS INC,SPRINGFIELD,US,151 TELSON RD
834,98862274,4519.0,KAO BRANDS CANADA INC.,WASHINGTON,US,75 COURTNEYPARK DRIVE W.
835,98862275,452.0,SAPUTO FOODS LIMITED,TEXAS,US,C/O ROB KNITTIG
836,98862278,4522.0,ULTIMA FOODS INC,EVANSVILLE,US,4600 ARMAND-FRAPPIER STREET
838,98862282,4526.0,DOVRE IMPORT & EXPORT LTD.,LOS ANGELES,US,13931 BRIDGEPORT RD.
839,98862285,4529.0,SC JOHNSON & SON,CAMBRIDGE,US,CUSTOMER SERVICE
840,98862286,453.0,SANTA MARIA FOODS,BIRMINGHAM,US,10 ARMTHORPE ROAD
841,98862291,4534.0,DIXON GROUP CANADA LTD,WASHINGTON,US,2200 LOGAN AVENUE
842,98862292,4535.0,SAPUTO DAIRY PRODUCTS CANADA G.P.,DETROIT,US,38 ENTERPRISE DRIVE
843,98862301,4543.0,EXCELDOR COOPERATIVE,MISSOURI,US,750 PANDORA AVENUE
844,98862305,4547.0,SELECT FOOD PRODUCTS,HOUSTON,US,120 SUNRISE AVE
845,98862312,4553.0,JOHNSON & JOHNSON CNSMR PROD DIV,FLORIDA,US,C/O IMPACT SALES & MARKETING
846,98862322,4562.0,PEAK OF THE MARKET,WASHINGTON,US,1200 KING EDWARD STREET
848,98862335,4574.0,WORLDWIDE SPECIALTY FOODS LTD,FLORIDA,US,7410F 5TH STREET SE
849,98862338,4577.0,FRUIT D'OR INC,PATERSON,US,604 B ST LOUIS O
850,98862340,4579.0,SHAH TRADING COMPANY LTD,DETROIT,US,3401 RUE DOUGLAS B FLOREANI
851,98862342,4580.0,AGRI-TEL GRAIN LTD,BALTIMORE,US,BOX 808
852,98862343,4581.0,ROYAL FOODS LTD.,OHIO,US,12525 89 STREET
854,98862357,4594.0,E.D. SMITH FOODS LTD.,LINCOLN,US,944 HIGHWAY #8
855,98862371,4608.0,VAN DE WATER-RAYMOND 1960 LTD.,RICHARDSON,US,2300 MONTEREY
856,98862376,4612.0,INFORM BROKERAGE,CARROLLTON,US,2286 HOLDOM AVENUE
858,98862383,4619.0,E.D. SMITH & SONS LTD,LINCOLN,US,944 HIGHWAY #8
859,98862396,4631.0,PENTAIR FLOW TECHNOLOGIES,HOUSTON,US,PO BOX 57462
861,98862412,4646.0, MCCORMICK CANADA INC,ROCKFORD,US,P.O. BOX 5788
862,98862413,4647.0,  MCCORMICK CANADA INC,ROCKFORD,US,P.O. BOX 5788
863,98862414,4648.0,FUN TYME FOODS LTD.,WASHINGTON,US,"UNIT 2, 45 BEGHIN AVENUE"
865,98862419,4652.0,WOLLASTON LAKE FISHERY,LOS ANGELES,US,247C RIVER ST WEST
866,98862420,4653.0,POLARPAK COMPANY,DETROIT,US,4210 BOULEVARD THIMENS
867,98862425,4658.0,WINKLER MEATS,LINCOLN,US,270 GEORGE AVENUE
868,98862426,4659.0,CAISSEN WATER TECHNOLOGIES INC.,CHARLOTTE,US,265 INDUSTRIAL RD.
869,98862427,466.0,DRUMMOND METAL PRODUCTS,WASHINGTON,US,5720 AMBLER DR
870,98862432,4664.0,TRI-STAR INTERNATIONAL,JERSEY CITY,US,SUITE 300- 736 BROUGHTON ST
871,98862433,4665.0,ANDERSON WATTS,CARROLLTON,US,6336 DARNLEY ST
872,98862434,4666.0,SAINT-GOBAIN ABRASIVES,CHULA VISTA,US,"435 MCNEILLY ROAD, UNIT 101"
873,98862438,467.0,BEIERSDORF CANADA INC,YONKERS,US,DANIEL CURRY
874,98862439,4670.0,KELLOGG CANADA INC,HOUSTON,US,PO BOX 15594
875,98862441,4672.0,DRAKE MEATS,FAIRFIELD,US,121 FRANCIS STREET
877,98862444,4675.0,KELLOGG CANADA INC,HOUSTON,US,PO BOX 15594
878,98862445,4676.0,DAIYA FOODS,INGLEWOOD,US,2768 RUPERT STREET
879,98862450,4680.0,TERRA COTTA FOODS LTD.,HOLLYWOOD,US,36 ARMSTRONG AVENUE
880,98862452,4682.0,BAKEMARK CANADA,FLORIDA,US,3202 9TH ST. S.E.
882,98862457,4687.0,ALBERTA NATURAL PRODUCTS LTD,FLORIDA,US,6120 1A STREET
883,98862461,4691.0,TASK TOOLS,CLEVELAND,US,6800 DENNETT PLACE
885,98862468,4698.0,HALO TOP CANADA LTD,INGLEWOOD,US,1600-1095 WEST PENDER STREET
887,98862474,4704.0,SODA STREAM CANADA,WARREN,US,5250 EXPLORER DRIVE
888,98862475,4705.0,KERR BROTHERS LTD,HOUSTON,US,956 ISLINGTON AVENUE
889,98862487,4716.0,EARTH'S OWN,CARROLLTON,US,601 - 4180 LOUGHEED HIGHWAY
891,98862499,4728.0,PREMIUM FOODS,HOUSTON,US,42 TABER RD
892,98862500,4729.0,RUBBERMAID (FOOD DIV),HOUSTON,US,PO BOX 3502 STATION A
893,98862502,4730.0,KIMBERLY CLARK CANADA INC,TEXAS,US,MICHELLE LEFRANC
894,98862506,4734.0,NATURALLY HOME GROWN FOODS-HARDBITE,KNOXVILLE,US,PO BOX 607
895,98862513,4741.0,BURNBRAE FARMS LTD.,MISSOURI,US,500 PANDORA AVE WEST
896,98862516,4744.0,ADM MILLING COMPANY,WACO,US,7585 DANBRO CRESCENT
897,98862517,4745.0,SURE GOOD FOODS LTD,WASHINGTON,US,2333 NORTH SHERIDAN WAY
898,98862527,4754.0,CHOSEN FOODS CORPORATION,INGLEWOOD,US,506-1505 WEST 2ND AVE
899,98862532,4759.0,E.D. SMITH & SONS LTD,LINCOLN,US,944 HIGHWAY #8
900,98862535,4761.0,SPARKS FARM EGG SUPPLIES,FLORIDA,US,"R.R. #6,"
901,98862537,4763.0,E.I. JOHNSON MFG INC,MODESTO,US,(FORMERLY ROCKLINE INDUSTRIES)
902,98862538,4764.0,"DOT FOODS CANADA, INC (FROZEN)",CHICAGO,US,#200 - 1580 BRIGANTINE DRIVE
903,98862547,4772.0,LOXCREEN CANADA LTD,VISTA,US,5720 AMBLER DRIVE
905,98862559,4783.0,KOST KLIP MFG LTD,LOS ANGELES,US,UNIT 119-1611 BROADWAY STREET
906,98862562,4786.0,"GARDEN FRESH GOURMET, LLC",DETROIT,US,450 DESLAURIERS
907,98862570,4793.0,DANONE,BILLINGS,US,100 RUE DE LAUZON
908,98862571,4794.0,DANONE,BILLINGS,US,100 RUE DE LAUZON
909,98862585,4806.0,KUNY'S LEATHER MANUFACTURING CO LTD,RICHARDSON,US,5901 44A STREET
910,98862587,4808.0,THAI UNITED FOOD TRADING LTD.,CARROLLTON,US,"7978 NORTH FRASER WAY, UNIT 2"
911,98862591,4811.0,BRR LOGISTICS LIMITED,BIRMINGHAM,US,UNIT 85- 745 INTERMODAL DRIVE
912,98862595,4815.0,KRAFT HEINZ CANADA ULC,DETROIT,US,95 MOATFIELD DRIVE
913,98862598,4818.0,JOHN WATSON LTD.__(WINTER),CARROLLTON,US,7955 NORTH FRASER WAY
914,98862600,482.0,HOMTRONIX (CTM-SHANGHAI),INGLEWOOD,US,SUIT 217
915,98862604,4823.0,ARCTIC GLACIER ICE,OHIO,US,17908 118 AVE
916,98862605,4824.0,LANART RUG INC,CHARLESTON,US,300 ST-LOUIS
917,98862610,4829.0,SPRINGFIELD INSTRUMENTS INC,GRESHAM,US,104 BARR STREET
919,98862612,4830.0,WN PHARMACEUTICALS LTD,CHICAGO,US,C/O LEONA TIMMER
920,98862614,4832.0,PROVINCIAL WALLCOVERINGS,LINCOLN,US,PO BOX 10003 STONEY CREEK
923,98862627,4844.0,HOUWELING'S GROUP_#,COLUMBIA,US,2776 64TH STREET
924,98862638,4854.0,PINTY'S DELICIOUS FOODS,CARMEL,US,5063 NORTH SERVICE RD
925,98862640,4856.0,WN PHARMACEUTICALS LTD,CHICAGO,US,C/O LEONA TIMMER
926,98862642,4858.0,FROMAGERIES BEL CANADA INC.,FLORIDA,US,"CONGBEC INC.,5500 72 AVE SE"
927,98862644,486.0,GARANT/IPCO_(WINTER),DETROIT,US,375 CHEMIN ST FRANCOIS OUEST
929,98862649,4864.0,ACH FOOD COMPANIES INC,WASHINGTON,US,"30 EGLINTON AVENUE WEST, SUITE 300"
930,98862650,4865.0,VINTAGE BRANDS LTD.,HOUSTON,US,1600-2300 YONGE STREET
931,98862651,4866.0,DAVID OPPENHEIMER & ASSOC (CDN),CHICAGO,US,#101 - 11 BURBRIDGE STREET
935,98862675,4888.0,LASSONDE SPECIALTIES INC,CLEVELAND,US,200 ST-JOSEPH
937,98862694,4905.0,DOT FOODS CANADA,BIRMINGHAM,US,12 BARTON CRT
938,98862696,4907.0,HOMTRONIX (INTER ASIA-NINGBO),INGLEWOOD,US,#711 THE ELECTRA BUILDING
939,98862698,4909.0,MENU FOODS LTD,VISTA,US,8 FALCONER DRIVE
940,98862712,4921.0,NEM FOOD CORP.,MCKINNEY,US,96 COVINGTON STREET
941,98862713,4922.0,RICHARDSON OILSEED LTD.,MISSOURI,US,2800 ONE LOMBARD PLACE
943,98862728,4937.0,CROSBY MOLASSES CO LTD,MISSOURI,US,C/O BINNER MARKETING & SALES INC
944,98862730,4939.0,WESTOAK NATURALS INC,TEXAS,US,3110-8TH ST E UNIT 8B - 294
945,98862731,4940.0,LACTALIS CANADA INC.,FLORIDA,US,1939 CENTRE AVENUE SE
946,98862741,495.0,LITTLE POTATO COMPANY,OHIO,US,11749 180 STREET NW
947,98862753,4960.0,AGROPUR CANADA,FORT WORTH,US,4600 ARMAND-FRAPPIER STREET
948,98862754,4961.0,WILDLY DELICIOUS PRESERVE COMPANY,HOUSTON,US,114A RAILSIDE ROAD
949,98862759,4966.0,MERIDIAN MANUFACTURING GROUP,RICHARDSON,US,3125-24TH AVE.N.
950,98862764,4970.0,GRAND RIVER FOODS WEST,KNOXVILLE,US,13538 73 AVE
951,98862767,4973.0,STAR EGG CO LTD,TEXAS,US,1302 QUEBEC AVENUE
952,98862775,4981.0,HOMTRONIX (BESTWAY),INGLEWOOD,US,SUITE 217
953,98862777,4983.0,GRAND RIVER FOODS EAST,JERSEY CITY,US,35 NORTHLAND RD.
954,98862779,4985.0,INTEPLAST BAGS AND FILMS CORP,CHICAGO,US,7503 VANTAGE PLACE
955,98862781,4987.0,CAN MAR FOODS LTD.,LOS ANGELES,US,2480 SANDRA SCHMIRLER WAY
956,98862787,4993.0,LEE'S FOOD PRODUCTS,FLORIDA,US,C/O ACOSTA CANADA
957,98862804,5007.0,E.D. SMITH & SONS LTD,LINCOLN,US,944 HIGHWAY #8
958,98862812,5015.0,BONDUELLE CANADA,DETROIT,US,540 CHEMIN DES PATRIOTES
959,98862814,5017.0,E-FRESH FOOD LTD.,LOS ANGELES,US,140-11780 HAMMERSMITH WAY
960,98862815,5018.0,OK FROZEN DOUGH,ANAHEIM,US,4145 SPALLUMCHEEN PLACE
961,98862817,502.0,SAPUTO CHEESE DIV.,FLORIDA,US,5434 - 44TH STREET N.E.
962,98862820,5022.0,THE CANADIAN WILD RICE MERCANTILE,JOLIET,US,LTD.
963,98862825,5027.0,LINDT & SPRUNGLI(CANADA) INC,HOUSTON,US,900-181 UNIVERSITY AVE.
964,98862826,5028.0,BONDUELLE CANADA,DETROIT,US,540 CHEMIN DES PATRIOTES
965,98862828,5030.0,VEGPRO INTERNATIONAL INC,DETROIT,US,147 RANG ROAD_SAINT PAUL
966,98862833,5035.0,UNILEVER,HOUSTON,US,160 BLOOR STREET EAST
967,98862834,5036.0,UNILEVER,HOUSTON,US,160 BLOOR STREET EAST
968,98862835,5037.0,LEVITON,LOS ANGELES,US,LEVITON MANUFACTURING OF CANADA
969,98862848,5049.0,GRACE FOODS CANADA,LANCASTER,US,70 WEST WILMOT ST.
970,98862849,5050.0,NUTRABOLT DISTRIBUTING CANADA ULC,WASHINGTON,US,90 BURNHAMTHORPE RD. W. #1400
971,98862851,5052.0,CONGLOM,DETROIT,US,2600 MARIE CURIE
973,98862865,5066.0,COLBA LABORATORIES - ALPEN SECRETS,FLORIDA,US,C/O CHANENE CONSULTING INC
974,98862870,5070.0,LAVO,WESTMINSTER,US,11900 ST JEAN BAPTISTE
975,98862873,5073.0,FLORENTINA PASTA LTD,NAMPA,US,C/O MIKE DANYLAK
976,98862877,5077.0,FRESH TASTE,FLORIDA,US,152-10450 50TH STREET EAST
977,98862880,508.0,JET LABEL & PACKAGING LTD.,OHIO,US,9445 49TH STREET
979,98862894,5092.0,KEG BRANDS INC.,SPRINGFIELD,US,445 APPLE CREEK BLVD.
980,98862895,5093.0,"WAMPOLE, A DIVISION OF JAMP PHARMA",BILLINGS,US,1310 NOBEL STREET
981,98862900,5098.0,JADE FINE FOODS LTD.,JERSEY CITY,US,"#201, 1497 ADMIRALS ROAD"
982,98862910,5106.0,TINDLE MARKETING INC.,CHICAGO,US,931 POIRIER STREET
983,98862919,5114.0,THE CRUMP GROUP,BAKERSFIELD,US,29 MELANIE DRIVE
984,98862923,5118.0,THOMAS FRESH,FLORIDA,US,5460 76TH AVENUE S.E.
986,98862928,5122.0,T.S. SIMMS & CO.,GRESHAM,US,"560 MAIN STREET, SUITE 320"
988,98862944,5137.0,BIG BRANDS INC.,FLORIDA,US,UNIT 58- 5329 72 AVE SE
989,98862948,5140.0,"NEWELL INDUSTRIES CANADA, ULC",BAKERSFIELD,US,20 HEREFORD STREET
991,98862954,5146.0,UPFIELD CANADA INC.,HOUSTON,US,480 UNIVERSITY AVE.
992,98862971,5162.0,ITW PERMATEX CANADA INC,MODESTO,US,C/O ITW GLOBAL BRANDS CANADA
995,98862981,5171.0,GLOBE COMMERCIAL PRODUCTS INC.,WASHINGTON,US,291 TRADERS BLVD EAST
996,98862991,5180.0,FRESH DIRECT PRODUCE_COLD,INGLEWOOD,US,888 MALKIN AVE
997,98862997,5186.0,CAROLE'S CHEESECAKE COMPANY LTD,HOUSTON,US,1272 CASTLEFIELD AVE
1000,98863008,5196.0,MAKITA,LOS ANGELES,US,MAKITA POWER TOOLS CANADA LTD
1001,98863009,5197.0,W.T. LYNCH FOODS LTD,NAMPA,US,72 RAILSIDE ROAD
1002,98863013,520.0,GSW INC (AO SMITH),FRISCO,US,WATER PRODUCTS DIVISION
1004,98863022,5208.0,IRVING TISSUE LTD,DALLAS,US,100 MIDLAND DR
1005,98863024,521.0,IPEX INC,DETROIT,US,807 PHARMACY AVE
1006,98863026,5211.0,CONAGRA FOODS CANADA,WARREN,US,5055 SATELLITE DRIVE
1007,98863027,5212.0,CONAGRA FOODS_CANADA,WASHINGTON,US,5055 SATELLITE DRIVE
1008,98863028,5213.0,PEPSI-QTG CANADA,FLORIDA,US,2867 - 45TH AVE SE
1010,98863039,5223.0,NATURSOURCE,DETROIT,US,4300 DOBRIN
1011,98863050,5234.0, JTI MACDONALD CORP,WASHINGTON,US,SUITE 1601 1 ROBERT SPECK PARKWAY
1012,98863060,5244.0,HOMTRONIX (RAIDER LOCKS-ZHONGSHAN),INGLEWOOD,US,SUITE 217
1013,98863061,5245.0,SHASHA BREAD COMPANY,HOUSTON,US,20 PLASTICS AVE
1014,98863072,5255.0,ENERGIZER CANADA INC,HOUSTON,US,C/O LOCKBOX 910380
1015,98863075,5258.0,CARGILL FOODS_(EXCEL),MCKINNEY,US,P.O. BOX 3850
1016,98863082,5264.0,KAMLOOP FOODS,BOSTON,US,"3775 BOUL, DE LA GRANDE ALEE"
1017,98863091,5272.0,FRESH LEAF FOODS,BOULDER,US,# 3 24TH ST CLOSE
1018,98863092,5273.0,ILE-A-LA-CROSSE FISH COMPANY INC.,MCKINNEY,US,P.O. BOX 600
1019,98863102,5282.0,INFORM FOOD BROKERAGE / FENTIMANS,CARROLLTON,US,2286 HOLDON AVE
1020,98863105,5285.0,OLD DUTCH FOODS LTD,MISSOURI,US,100 BRENTALL ST
1021,98863106,5286.0,SANDHER FRUIT PACKERS LTD.,MONTGOMERY,US,3231 OLD VERNON RD.
1022,98863109,5289.0, JTI MACDONALD CORP,WARREN,US,SUITE 1601 1 ROBERT SPECK PARKWAY
1023,98863111,5290.0,VICTORY'S KITCHEN LTD,HOUSTON,US,30 GUNNS ROAD
1024,98863112,5291.0, JTI MACDONALD CORP,WARREN,US,SUITE 1601 1 ROBERT SPECK PARKWAY
1025,98863121,53.0,CINNAROLL BAKERIES LTD,FLORIDA,US,2140 PEGASUS ROAD N E
1026,98863138,5315.0,FORT INTERNATIONAL,CHARLESTON,US,353 MCCAFFREY STREET
1027,98863143,532.0,DAWN FOOD PRODUCTS (CANADA) LTD,BAKERSFIELD,US,275 STEELWELL ROAD
1028,98863151,5327.0,CAMPBELL COMPANY OF CANADA,FLORIDA,US,51 AUBURN SOUND CRES SE
1029,98863178,5353.0,BAYER INC,FLORIDA,US,C/O JAMIE MARTIN
1030,98863190,5364.0, JTI MACDONALD CORP,WASHINGTON,US,SUITE 1601 1 ROBERT SPECK PARKWAY
1031,98863193,5367.0,ACI BRANDS INC,MURFREESBORO,US,2616 SHERIDAN GARDEN DRIVE
1032,98863201,5374.0,SHAH TRADING COMPANY LTD,DETROIT,US,3401 RUE DOUGLAS B FLOREANI
1033,98863214,5386.0,VAUGHN MILLS PACKAGING LIMITED,CHICAGO,US,60 COURTLAND AVENUE
1035,98863224,5395.0,CANADIAN CHEESE CORPORATION,HOUSTON,US,405 THE WEST MALL
1036,98863235,5404.0,HUER FOODS,NAPERVILLE,US,27478 55TH AVE
1037,98863238,5407.0,JADSCO FOOD INTERNATIONAL,BALTIMORE,US,186 SUTTON PLACE
1038,98863240,5409.0,PEPSICO BEVERAGES CANADA,WASHINGTON,US,5205 SATELLITE DR
1039,98863241,541.0,DAVID OPPENHEIMER & ASSOC (CDN),CHICAGO,US,#101 - 11 BURBRIDGE STREET
1040,98863252,542.0,KRAFT HEINZ CANADA ULC,HOUSTON,US,95 MOATFIELD DRIVE
1043,98863260,5427.0,"SUNSTAR AMERICAS, INC.",LOS ANGELES,US,C/O CYBA STEVENS_MGMT GROUP
1044,98863266,5432.0,NESTLE CANADA INC,BAKERSFIELD,US,9050 AIRPORT RD SUITE 101
1045,98863267,5433.0,SORRISA GROUP INC,HOUSTON,US,6 BELSIZE DR.
1047,98863270,5436.0,FRESHHOUSE FOODS,HOLLYWOOD,US,71 TODD RD
1048,98863271,5437.0,SOLETERRA DITALIA,ALBUQUERQUE,US,294009 RANGE ROAD 260
1049,98863281,5446.0,SAPUTO FOODS LIMITED,TEXAS,US,C/O ROB KNITTIG
1050,98863288,5452.0,FARM SOURCED FOOD,TEXAS,US,401 22ND STREET EAST
1051,98863300,5463.0,GIA FOODS LTD.,MIDLAND,US,UNIT 110-1700 NO. 6 ROAD
1052,98863313,5475.0,EDGEWELL PERSONAL CARE CANADA ULC,TALLAHASSEE,US,(ENERGIZER PERSONAL CARE)
1053,98863320,5481.0,CITY SHEET METAL CO LTD,MISSOURI,US,30 PARAMOUNT ROAD
1054,98863323,5484.0,NATURES TOUCH FROZEN FOODS INC,GRESHAM,US,5105 RUE FISHER ST
1055,98863328,5489.0,GF INC.,OHIO,US,11224 184TH STREET
1056,98863358,5516.0,ALIMENTS MOREHOUSE CANADA LTD,NAPERVILLE,US,2075 52 AVE
1060,98863393,555.0,CONCORD PREMIUM FOODS STOCKED-FRSH,CHICAGO,US,125 EDILCAN DRIVE
1061,98863400,5556.0,MCCORDICK GLOVE & SAFETY,CHARLOTTE,US,400 JAMIESON PKWY
1064,98863420,5603.0,MERCURY PLASTICS OF CANADA INC.,OHIO,US,14743 - 134TH AVE
1065,98863427,5636.0,C.K.F. INC,LOS ANGELES,US,30 IRON STREET
1066,98863431,5642.0,SAPUTO FOODS LTD,OHIO,US,16110-116 AVENUE
1067,98863434,565.0,ITALPASTA LTD,BAKERSFIELD,US,116 NUGGETT COURT
1068,98863441,5670.0,CITADELLE,FLORIDA,US,C/O CONCORD SALES
1069,98863442,5676.0,DOMINION VETERINARY LABORATORIES,WASHINGTON,US,1199 SANFORD STREET
1070,98863449,572.0,SAPUTO CHEESE DIV.,FLORIDA,US,5434 - 44TH STREET N.E.
1073,98863455,5756.0,ALCON CANADA,AUSTIN,US,C/O DEREK MEYERS
1074,98863457,5758.0, ROTHMANS BENSON & HEDGES INC,NAMPA,US,1500 DON MILLS ROAD
1075,98863458,5760.0,THE MINUTE MAID COMPANY CANADA INC,HOUSTON,US,C/O LOCKBOX 916590
1076,98863462,5771.0,MASTER LOCK COMPANY,HOUSTON,US,C/O T10200C
1077,98863463,5775.0, JTI MACDONALD CORP,WARREN,US,SUITE 1601 1 ROBERT SPECK PARKWAY
1078,98863464,5776.0, JTI MACDONALD CORP,WASHINGTON,US,SUITE 1601 1 ROBERT SPECK PARKWAY
1079,98863471,5793.0,MCCAIN FOODS (CANADA),FRISCO,US,88000 MAIN STREET
1080,98863473,581.0,DAWN FOOD PRODUCTS (CANADA) LTD,BIRMINGHAM,US,275 STEELWELL ROAD
1081,98863475,583.0,HOLLAND IMPORTS INC,CARROLLTON,US,2306 MADISON AVE
1082,98863479,585.0,CRUST CRAFT INC.,OHIO,US,13211-146 STREET
1083,98863481,5855.0,MCCAIN FOODS (CANADA),FRISCO,US,8800 MAIN STREET
1084,98863484,5860.0,MEAD JOHNSON NUTRITIONALS,MONTGOMERY,US,900-535 LEGGET DRIVE
1085,98863488,5884.0,MELITTA CANADA INC,HOUSTON,US,50 RONSON DRIVE UNIT 150
1086,98863493,5917.0,TASK TOOLS,CHICAGO,US,6800 DENNETT PLACE
1087,98863497,594.0,CRUST CRAFT INC.,OHIO,US,13211-146 STREET
1088,98863503,5954.0,CLOROX CO OF CANADA,BAKERSFIELD,US,150 BISCAYNE CRESCENT
1089,98863509,597.0,CRUST CRAFT INC.,OHIO,US,13211-146 STREET
1090,98863518,6010.0,WESTERN WAFFLES LTD/CONAGRA FOODS,INGLEWOOD,US,C/O V7165C
1091,98863521,6023.0,3 M CANADA INC,ROCKFORD,US,300 TARTAN DRIVE
1094,98863527,6044.0,MINUTE MAID COMPANY CANADA INC,HOUSTON,US,335 KING ST. E.
1095,98863529,6048.0,MINUTE MAID COMPANY CANADA INC,HOUSTON,US,335 KING ST. E.
1096,98863530,605.0,SHAC SOLUTIONS INC,ST. PETERSBURG,US,BOX 73
1097,98863532,6055.0,MORRIS NATIONAL INC,NAPERVILLE,US,C/O GLEN ROSS AGENCIES
1098,98863537,6071.0,3 M CANADA INC,MISSOURI,US,C/O TIM HATCH/STROME SALES TLD
1099,98863538,608.0,PINTYS DELICIOUS FOODS INC,CARMEL,US,5063 NORTH SERVICE ROAD
1100,98863544,610.0,BUNN-O-MATIC CORPORATION OF CANADA,AUSTIN,US,280 INDUSTRIAL PARKWAY SOUTH
1101,98863550,6130.0, NATIONAL TOBACCO CO LTD,MONTGOMERY,US,16720 TRANS CANADA HIGHWAY
1102,98863552,6137.0, NATIONAL TOBACCO CO LTD,MONTGOMERY,US,16720 TRANS CANADA HIGHWAY
1103,98863553,6139.0, NATIONAL TOBACCO CO LTD,MONTGOMERY,US,16720 TRANS-CANADA HIGHWAY
1104,98863554,614.0,BEE MAID HONEY LTD,MISSOURI,US,C/O JERI HUDSON
1105,98863557,6156.0,UNILEVER(LIPTON),HOUSTON,US,160 BLOOR STREET EAST
1106,98863558,616.0,GALDERMA CANADA INC,JOLIET,US,105 COMMERCE VALLEY DRIVE WEST
1107,98863563,619.0,CRUST CRAFT INC.,OHIO,US,13211-146 STREET
1108,98863565,6192.0, ROTHMANS BENSON & HEDGES INC,MISSOURI,US,MAN. MARKED STOCK
1109,98863569,6203.0, JTI MACDONALD CORP,WASHINGTON,US,SUITE 1601 1 ROBERT SPECK PARKWAY
1110,98863572,622.0,C.K.F. INC,FAIRFIELD,US,30 IRON STREET
1112,98863578,625.0,LSI ENTERPRISES CANADA ULC,LOS ANGELES,US,C/O CYBA STEVENS_MGMT GROUP
1113,98863581,6265.0,WESTON FOODS (CANADA),COLUMBIA,US,7352 PROGRESS PLACE
1114,98863589,6281.0,NATIONAL IMPORTERS LTD,LOS ANGELES,US,UNIT #120 - 13100 MITCHELL ROAD
1115,98863593,6310.0,KRAFT HEINZ CANADA ULC,HOUSTON,US,95 MOATFIELD DRIVE
1116,98863595,6322.0,DCN PLASTIC INC,FLORIDA,US,C/O TRI-MOR SALES LTD
1117,98863596,6324.0,HIGH LINER FOODS INC,SANTA CLARA,US,100 BATTERU POINT
1118,98863598,6328.0,MCPHEE ENTERPRISES,MODESTO,US,2740 COVENTRY ROAD
1119,98863599,6330.0,MARS CANADA INC.,BRIDGEPORT,US,37 HOLLAND DR
1120,98863600,6333.0,NESTLE CANADA INC,BIRMINGHAM,US,9050 AIRPORT ROAD
1121,98863601,6334.0,NESTLE CANADA INC,BAKERSFIELD,US,9050 AIRPORT RD
1122,98863603,635.0,MCCAUGHEY CONSUMER PRODUCTS,FLORIDA,US,C/O ROBERT KEITEL
1124,98863615,6423.0,NATCO FOODS LTD,INGLEWOOD,US,3103 - 667 HOWE STREET
1125,98863616,643.0,JAMIESON LABORATORIES LTD,JERSEY CITY,US,C/O JEFF SMITH
1126,98863630,6521.0,OCEAN BRANDS LTD,LOS ANGELES,US,SUITE 100 3600 LYSANDER LANE
1127,98863633,6536.0,PEPSICO BEVERAGES COMPANY,FLORIDA,US,KEITH STAPPLETON
1128,98863637,656.0,SELECT BRANDS DIST,MODESTO,US,C/O ASL DISTRIBUTION SERVICES LTD
1129,98863644,660.0,GLAXOSMITHKLINE CONSUMER HEALTHCARE,HOUSTON,US,C/O T 11165C
1130,98863646,6602.0,ONWARD HARDWARE - DIV OF RICHELIEU,NAPERVILLE,US,UNIT 2_800
1131,98863651,6617.0,MILLSIDE INDUSTRIES INC.,JERSEY CITY,US,6408 YATTON SIDEROAD
1132,98863655,663.0,W RALSTON (CANADA) INC,FLORIDA,US,161 SCRIPPS LANDING N.W.
1133,98863656,6631.0,SAPUTO FOODS LIMITED,TEXAS,US,C/O
1134,98863658,664.0,BC FROZEN FOODS LTD,TAMPA,US,C/O YASIR SHAH
1135,98863662,6666.0,BISCUITS LECLERC LTD,CONCORD,US,70 DE ROTTERDAM
1136,98863663,667.0,APPLIED INDUSTRIAL TECHNOLOGIES,TEXAS,US,P.O. BOX 338 STATION MAIN
1137,98863665,668.0,JOHN L. SCHULTZ LTD,FAIRFIELD,US,1723 - 55TH AVE
1138,98863673,6728.0,LANCASTER CANADA,WASHINGTON,US,7040 FINANCIAL DRIVE
1139,98863675,674.0,HAGEN INC ROLF C.(AVANT),BAKERSFIELD,US,20500 TRANS-CANADA HWY
1140,98863685,681.0,THE ORIGINAL CAKERIE LTD,CHICAGO,US,1345 CLIVEDEN AVE
1141,98863687,682.0,PEPSICO BEVERAGES COMPANY,FLORIDA,US,KEITH STAPPLETON
1142,98863697,6848.0,CALKINS & BURKE LTD,INGLEWOOD,US,SUITE 301
1143,98863700,6853.0,GENERAL MILLS CANADA CORP,FLORIDA,US,"#100, 6060 - 90 AVE. SE"
1144,98863703,6861.0,GENERAL MILLS CANADA CORP,FLORIDA,US,"#100, 6060 - 90 AVE. SE"
1145,98863706,6870.0,TROPHY FOODS INC,FLORIDA,US,6210 - 44TH ST. S.E.
1146,98863708,6878.0,GENERAL MILLS CANADA CORP,FLORIDA,US,100 6060 90TH AVE SE
1148,98863712,690.0,BUNGE CANADA,OHIO,US,"200, 14803-128 AVENUE"
1149,98863714,6901.0,QUICK CABLE CANADA LTD,WASHINGTON,US,6395 KESTREL ROAD
1150,98863715,6905.0,BUNGE CANADA,OHIO,US,14711 - 128 AVENUE
1152,98863726,6973.0,C.B. POWELL INC,WACO,US,ATTN: KRISTINE KANGAS
1153,98863727,6977.0,TROPHY FOODS INC,FLORIDA,US,6210 - 44TH ST. S.E.
1154,98863729,699.0,HOMTRONIX (GARDEN SUN-SHANGHAI),INGLEWOOD,US,#711 ELECTRA BUILDING
1155,98863733,7019.0,PROCTER & GAMBLE INC,TEXAS,US,C/O KIM GAUDET
1156,98863735,7025.0,PROCTER & GAMBLE INC,TEXAS,US,C/O KIM GAUDET
1157,98863737,7028.0,HAMILTON BEACH BRANDS CANADA INC,SPRINGFIELD,US,SUITE 201 7300 WARDEN AVE
1158,98863740,706.0,HOMTRONIX (LINHAI LIANSHENG-NINGBO),INGLEWOOD,US,SUIT 217
1159,98863744,709.0,JACENT CANADA INC.,LINCOLN,US,DBA QUANTUM PLUS LTD
1160,98863747,7094.0,JIM SCHARF HOLDINGS LTD,LOS ANGELES,US,PO BOX 305
1161,98863751,7103.0,QUALITY HOME PRODUCTS,CHICAGO,US,8701 JANE STREET - SUITE C
1162,98863759,714.0,JARDEN BRANDED CINSUMABLES CANADA,BIRMINGHAM,US,"845 INTERMODAL DRIVE, UNIT 1"
1163,98863760,7161.0,PEPSI-QTG CANADA,FLORIDA,US,2867 - 45TH AVE SE
1164,98863761,7169.0,QUEST BRANDS INC,WASHINGTON,US,2475 TEDLO ST
1165,98863764,7180.0,RCR INC,BILLINGS,US,180 DE NORMANDIE
1166,98863766,719.0,NESTLE CANADA INC,BAKERSFIELD,US,"9050 AIRPORT ROAD, SUITE 101"
1167,98863769,7200.0,RADIATOR SPECIALTY CO CANADA LTD,WASHINGTON,US,1711 AIMCO BLVD
1168,98863770,7208.0,CALKINS & BURKE LTD,INGLEWOOD,US,SUITE 301
1169,98863771,721.0,BC FROZEN FOODS LTD,TAMPA,US,C/O YASIR SHAH
1170,98863777,7233.0,NESTLE PURINA PETCARE,FLORIDA,US,"#120, 6715 8TH STREET N.E."
1171,98863779,7247.0,NESTLE CANADA INC,BAKERSFIELD,US,9050 AIRPORT RD SUITE 101
1173,98863789,73.0,JP SUNRISE BAKERY LTD,OHIO,US,14728 119 AVE
1174,98863791,7308.0,RECOCHEM,LOS ANGELES,US,1745 KINGSWAY AVE
1175,98863792,7309.0,RECOCHEM INC,LOS ANGELES,US,1745 KINGSWAY AVE.
1176,98863794,7311.0,FOOD SUPPLIES DISTRIBUTING LTD,NAPERVILLE,US,204-9489 - 200TH_ST
1177,98863796,7318.0,BEN-MOR CABLES,CHARLESTON,US,1105 LEMIRE STREET
1178,98863797,732.0,GANKA INC,ALLENTOWN,US,1401 PINE STREET WEST
1179,98863805,7366.0,ATLANTIC PACKAGING PRODUCTS LTD,DETROIT,US,111 PROGRESS AVE.
1180,98863806,737.0,WINKLER MEATS LTD,LINCOLN,US,270 GEORGE AVENUE
1182,98863819,744.0,WHITEWAVE CANADA ULC,HOUSTON,US,"PO BOX 99221, STN A"
1183,98863826,7465.0,A RICHARD LTD,BEAUMONT,US,P.O.BOX 90
1184,98863831,7482.0,DUTTON - LAINSON CO,FLORIDA,US,C/O EBR & ASSOC LTD
1185,98863836,7512.0,BIMBO BAKEHOUSE INC.,FLORIDA,US,710-7015 MACLEOD TRAIL S
1186,98863838,7531.0,SMUCKER FOODS OF CANADA CORP,SPRINGFIELD,US,C/O DONNA-MARIE FAGAN
1187,98863839,7533.0,SMUCKER FOODS OF CANADA CORP,SPRINGFIELD,US,C/O MELINDA CASSIDY
1188,98863842,7553.0,RW CONSUMER PRODUCTS LTD.,MISSOURI,US,200 OMAND'S CREEK BLVD
1189,98863843,756.0,BIC CANADA INC,DALLAS,US,C/O JOHN CRANDELL
1190,98863849,7581.0,ROGERS FOODS LTD (1982),ANAHEIM,US,4420 LARKIN CROSS ROAD
1191,98863850,7589.0,GOOD HUMOR - BREYERS,HOUSTON,US,C/O UNILEVER CANADA
1192,98863852,7597.0,ARYZTA,HOUSTON,US,C/O 913120
1193,98863856,7604.0,ABBOTT LABORATORIES CO.,CEDAR RAPIDS,US,8625 TRANS-CANADA HWY
1194,98863861,7620.0, ROTHMANS BENSON & HEDGES INC,MISSOURI,US,19 TERRACON PLACE
1195,98863871,7680.0,RUBBERMAID_ (CLEANING),FLORIDA,US,4660 68 AVENUE SE
1196,98863874,770.0,BISSELL LTD,VISALIA,US,2100 DERRY ROAD WEST #105
1197,98863877,7712.0,GLAXOSMITHKLINE CONSUMER HEALTHCARE,VISTA,US,450 - 55 STANDISH COURT
1198,98863882,774.0,NALEWAY FOODS LTD,MISSOURI,US,233 HUTCHING STREET
1199,98863883,775.0,SOUTHWIRE CANADA_(COLEMAN CABLE),VISALIA,US,5705 CANCROSS CT SUITE 100
1200,98863884,776.0,WAHL CANADA INC.,SPRINGFIELD,US,165 RIVIERA DRIVE
1201,98863889,778.0,STANLEY BLACK & DECKER,VISTA,US,6275 MILLCREEK DRIVE
1202,98863894,7790.0,PREMIER TECH HOME & GARDEN,WASHINGTON,US,1900 MINNESOTA COURT
1203,98863896,780.0,LACTALIS CANADA INC.,FLORIDA,US,1939 CENTRE AVE S.E.
1204,98863898,782.0,ADVANTAGE SOLUTIONS INC.,SPRINGFIELD,US,160 MCNABB STREET
1205,98863902,784.0,LACTALIS CANADA (PARMALAT),FLORIDA,US,1939 CENTRE AVE S.E.
1206,98863903,7848.0,LILYDALE-SOFINA FOODS INC,OHIO,US,7727-127 AVE
1207,98863908,7871.0,MAPLE LEAF CONSUMER FOODS,TEXAS,US,338 CARR CRESCENT
1208,98863909,788.0,BLUE WATER SEAFOODS LTD,TEXAS,US,C/O CONCORD SALES
1209,98863913,790.0,DANSONS INC,OHIO,US,14608 - 134 AVE
1210,98863916,792.0,STONE STRAW,CAMBRIDGE,US,72 PLANT FARM BLVD
1211,98863917,793.0,CANTERBURY COFFEE CORP,CARROLLTON,US,1 - 8080 NORTH FRASER WAY
1213,98863922,7953.0,KRUGER PRODUCTS L.P.,JERSEY CITY,US,C/O RYNIE NACHTIGALL
1214,98863924,7962.0,CALKINS & BURKE LTD,INGLEWOOD,US,SUITE 301
1215,98863925,797.0,"THOMAS, LARGE & SINGER INC",SPRINGFIELD,US,15 ALLSTATE PARKWAY
1216,98863927,799.0,TRICO PRODUCTS INC,HOUSTON,US,PO BOX 56027
1217,98863939,8066.0,SHOP-VAC CANADA LTD,CARMEL,US,1770 APPLEBY LANE
1220,98863961,8233.0,E.D. SMITH & SONS LTD,HOUSTON,US,PO BOX 57428 STATION A
1221,98863966,8271.0,BEIERSDORF CANADA INC,WORCESTER,US,DANIEL CURRY
1222,98863969,83.0,ERIE MEAT PRODUCTS,WASHINGTON,US,3180 WHARTON WAY
1223,98863972,8319.0,STAR EGG CO LTD,TEXAS,US,1302 QUEBEC AVENUE
1224,98863975,834.0,REVLON CANADA INC,NAPERVILLE,US,C/O DAWN HEPPELL
1225,98863977,8359.0,MAAX INC,NAPERVILLE,US,160 ST-JOSEPH BLVD.
1226,98863978,836.0,ROYAL FOOD PRODUCTS,OHIO,US,12541 89 STREET
1227,98863984,8390.0,STAR MARKETING LTD,KNOXVILLE,US,3289 - 190TH STREET
1228,98863988,8400.0,MOEN INC,MODESTO,US,2816 BRISTOL CIRCLE
1229,98863994,843.0,RETAIL RESOURCE SERVICES,BALTIMORE,US,5301 44TH STREET
1230,98863995,844.0,LAMONTAGNE CHOCOLATE INC,DETROIT,US,4045 GARLOCK STREET
1231,98863996,8440.0,BAYER INC,FLORIDA,US,C/O JAMIE MARTIN
1232,98863997,8445.0,SWING PAINTS LIMITED,WILMINGTON,US,2100 ST. PATRICK STREET
1234,98864012,852.0,AURIUM PHARMA,CHICAGO,US,"7941 JANE STREET, SUITE 105"
1235,98864021,86.0,OLD DUTCH FOODS LTD,MISSOURI,US,100 BRENTALL ST
1236,98864024,8613.0,SUNRYPE PRODUCTS LTD,MONTGOMERY,US,1165 ETHEL STREET
1237,98864027,8622.0,I-D FOODS SUPERIOR CORP.,FLORIDA,US,7151 44TH STREET S.E.
1238,98864030,864.0,TAPLOW VENTURES LTD.,OKLAHOMA CITY,US,106C - 4390 GALLANT AVENUE
1239,98864038,8709.0,"THOMAS, LARGE & SINGER INC",SPRINGFIELD,US,15 ALLSTATE PARKWAY
1240,98864042,873.0,GIVE & GO PREPARED FOODS INC,FAIRFIELD,US,"15 MARMAC DRIVE, UNIT 200"
1241,98864043,8734.0,TAYMOR INDUSTRIES LTD,CLEVELAND,US,1655 DERWENT WAY ANNACIS ISLAND
1242,98864046,876.0,SIWIN FOODS,OHIO,US,5520 34 STREET NW
1243,98864051,88.0,IDELLE LABS LTD,FLORIDA,US,C/O ADVANTAGE SALES & MKTING CANADA
1244,98864053,8800.0,ATLANTIC PROMOTIONS INC,SANTA CLARA,US,770 GUIMOND BOULEVARD
1245,98864054,8805.0,TFB & ASSOCIATES LTD,FLORIDA,US,C/O THE ZENAR GROUP INC
1246,98864059,8836.0,"CONCORD NATIONAL, BC",OKLAHOMA CITY,US,SUITE 400 - 1124 LONSDALE AVENUE
1247,98864066,887.0,UNIQUE FOODS(CANADA)INC.,DETROIT,US,9670 ROUTE TRANSCANADIENNE
1250,98864078,8945.0,TOYO IMPORTING CO LTD,CARROLLTON,US,3445 GARDNER COURT
1251,98864080,8955.0,RUST-OLEUM CANADA,CHICAGO,US,200 CONFEDERATION PARKWAY
1252,98864083,8960.0,GATES CANADA INC.,CAMBRIDGE,US,225 HENRY STREET
1253,98864090,900.0,DAP CANADA,DETROIT,US,475 FINCHDENE SQUARE UNIT 5
1254,98864097,9040.0,UNICO INC,GREENSBORO,US,C/O ADVANTAGE SALES & MARKETING
1255,98864099,9053.0,ENERGIZER CANADA,WASHINGTON,US,6733 MISSISSAUGA RD
1256,98864100,9055.0,W.H. ESCOTT CO LTD,MISSOURI,US,95 ALEXANDER AVE.
1257,98864101,9058.0,TREE OF LIFE CANADA,FLORIDA,US,C/O DEBBIE SCHELL
1258,98864107,9089.0,HENKEL CANADA CORPORATION,HOUSTON,US,C/O 912360
1259,98864115,914.0,HILLMAN GROUP,HOUSTON,US,55 MILNE AVENUE
1260,98864121,9188.0,VITA FOAM PRODUCTS CANADA LTD,FLORIDA,US,3220-56 AVE.S.E.
1261,98864125,921.0,JOHNVINCE FOODS/PLANTERS,FAIRFIELD,US,555 STEEPROCK DRIVE
1263,98864134,9263.0,WD-40 PRODUCTS CANADA LTD,FAIRFIELD,US,PO BOX 220
1264,98864138,93.0,TREE ISLAND INDUSTRIES LTD.,LOS ANGELES,US,3933 BOUNDARY ROAD
1266,98864155,9413.0,WEDDEL LTD,WASHINGTON,US,"5955 AIRPORT ROAD, SUITE 129"
1267,98864162,9444.0,ABSORBENT PRODUCTS LTD,MIAMI,US,724 SARCEE ST.
1268,98864164,945.0,PUNJAB MILK FOODS INC,KNOXVILLE,US,#200-14666- 64TH AVE
1269,98864167,9461.0,ABSORBENT PRODUCTS LTD,MIAMI,US,724 SARCEE STREET
1270,98864168,947.0,VENMAR VENTILATION ULC,FAIRFIELD,US,"550, LEMIRE BOULEVARD"
1271,98864169,9472.0,AGI WESTEEL AGRICULTURAL PRODUCTS,WASHINGTON,US,BOX 792
1272,98864177,952.0,ELMERS PRODUCTS CANADA,HOUSTON,US,BOX 3502 STATION A
1273,98864182,9558.0,MAPLEHURST BAKERIES,LOS ANGELES,US,P.O. BOX 2565
1275,98864196,964.0,BONDUELLE CANADA LTD,DETROIT,US,540 CHEMIN DES PATRIOTES
1276,98864197,965.0,I-D FOODS SUPERIOR CORP,FLORIDA,US,7703D - 30TH ST. S.E.
1278,98864208,973.0,LAKELAND GROUP,CEDAR RAPIDS,US,"BOX 1310,#1 LIMESTONE INDUSTRIAL DR"
1279,98864213,977.0,"B&G FOODS CANADA, ULC",HOUSTON,US,C/O T9601
1280,98864214,9770.0,WRIGLEY CANADA INC,HOUSTON,US,3389 STEELES AVE EAST
1281,98864222,983.0,ANB CANADA INC.,PALM BAY,US,C/O JUDY BISCHOFF
1282,98864225,986.0,ENGLISH BAY BATTER INC,ORLANDO,US,904 CLIVEDEN AVENUE
1283,98864231,992.0,BENNETT CANADA,CHICAGO,US,388 SPINNAKER WAY
1285,98864243,9975.0,YETMANS LTD,MISSOURI,US,949 JARVIS AVE
1286,98864246,999.0,ARYZTA LIMITED,HOUSTON,US,C/O 913120
